case_id,strategy,family,required_components,unreached_components,all_planned_components_reached,outcome_correct,safe_unresolved,transport
eval-F01-00,intent_scoped,F01,,,not_applicable,True,False,direct
eval-F01-00,operation_scoped,F01,,,not_applicable,True,False,direct
eval-F01-00,request_only,F01,,,not_applicable,True,False,direct
eval-F01-01,intent_scoped,F01,,,not_applicable,True,False,direct
eval-F01-01,operation_scoped,F01,,,not_applicable,True,False,direct
eval-F01-01,request_only,F01,,,not_applicable,True,False,direct
eval-F01-02,intent_scoped,F01,,,not_applicable,True,False,direct
eval-F01-02,operation_scoped,F01,,,not_applicable,True,False,direct
eval-F01-02,request_only,F01,,,not_applicable,True,False,direct
eval-F01-03,intent_scoped,F01,,,not_applicable,True,False,direct
eval-F01-03,operation_scoped,F01,,,not_applicable,True,False,direct
eval-F01-03,request_only,F01,,,not_applicable,True,False,direct
eval-F01-04,intent_scoped,F01,,,not_applicable,True,False,direct
eval-F01-04,operation_scoped,F01,,,not_applicable,True,False,direct
eval-F01-04,request_only,F01,,,not_applicable,True,False,direct
eval-F01-05,intent_scoped,F01,,,not_applicable,True,False,direct
eval-F01-05,operation_scoped,F01,,,not_applicable,True,False,direct
eval-F01-05,request_only,F01,,,not_applicable,True,False,direct
eval-F01-06,intent_scoped,F01,,,not_applicable,True,False,direct
eval-F01-06,operation_scoped,F01,,,not_applicable,True,False,direct
eval-F01-06,request_only,F01,,,not_applicable,True,False,direct
eval-F01-07,intent_scoped,F01,,,not_applicable,True,False,direct
eval-F01-07,operation_scoped,F01,,,not_applicable,True,False,direct
eval-F01-07,request_only,F01,,,not_applicable,True,False,direct
eval-F01-08,intent_scoped,F01,,,not_applicable,True,False,direct
eval-F01-08,operation_scoped,F01,,,not_applicable,True,False,direct
eval-F01-08,request_only,F01,,,not_applicable,True,False,direct
eval-F01-09,intent_scoped,F01,,,not_applicable,True,False,direct
eval-F01-09,operation_scoped,F01,,,not_applicable,True,False,direct
eval-F01-09,request_only,F01,,,not_applicable,True,False,direct
eval-F02-00,intent_scoped,F02,unrelated_change,,True,True,False,direct
eval-F02-00,operation_scoped,F02,unrelated_change,,True,True,False,direct
eval-F02-00,request_only,F02,unrelated_change,,True,True,False,direct
eval-F02-01,intent_scoped,F02,unrelated_change,,True,True,False,direct
eval-F02-01,operation_scoped,F02,unrelated_change,,True,True,False,direct
eval-F02-01,request_only,F02,unrelated_change,,True,True,False,direct
eval-F02-02,intent_scoped,F02,unrelated_change,,True,True,False,direct
eval-F02-02,operation_scoped,F02,unrelated_change,,True,True,False,direct
eval-F02-02,request_only,F02,unrelated_change,,True,True,False,direct
eval-F02-03,intent_scoped,F02,unrelated_change,,True,True,False,direct
eval-F02-03,operation_scoped,F02,unrelated_change,,True,True,False,direct
eval-F02-03,request_only,F02,unrelated_change,,True,True,False,direct
eval-F02-04,intent_scoped,F02,unrelated_change,,True,True,False,direct
eval-F02-04,operation_scoped,F02,unrelated_change,,True,True,False,direct
eval-F02-04,request_only,F02,unrelated_change,,True,True,False,direct
eval-F02-05,intent_scoped,F02,unrelated_change,,True,True,False,direct
eval-F02-05,operation_scoped,F02,unrelated_change,,True,True,False,direct
eval-F02-05,request_only,F02,unrelated_change,,True,True,False,direct
eval-F02-06,intent_scoped,F02,unrelated_change,,True,True,False,direct
eval-F02-06,operation_scoped,F02,unrelated_change,,True,True,False,direct
eval-F02-06,request_only,F02,unrelated_change,,True,True,False,direct
eval-F02-07,intent_scoped,F02,unrelated_change,,True,True,False,direct
eval-F02-07,operation_scoped,F02,unrelated_change,,True,True,False,direct
eval-F02-07,request_only,F02,unrelated_change,,True,True,False,direct
eval-F02-08,intent_scoped,F02,unrelated_change,,True,True,False,direct
eval-F02-08,operation_scoped,F02,unrelated_change,,True,True,False,direct
eval-F02-08,request_only,F02,unrelated_change,,True,True,False,direct
eval-F02-09,intent_scoped,F02,unrelated_change,,True,True,False,direct
eval-F02-09,operation_scoped,F02,unrelated_change,,True,True,False,direct
eval-F02-09,request_only,F02,unrelated_change,,True,True,False,direct
eval-F03-00,intent_scoped,F03,revision_before_dispatch,,True,True,False,direct
eval-F03-00,operation_scoped,F03,revision_before_dispatch,,True,True,False,direct
eval-F03-00,request_only,F03,revision_before_dispatch,,True,False,False,direct
eval-F03-01,intent_scoped,F03,revision_before_dispatch,,True,True,False,direct
eval-F03-01,operation_scoped,F03,revision_before_dispatch,,True,True,False,direct
eval-F03-01,request_only,F03,revision_before_dispatch,,True,False,False,direct
eval-F03-02,intent_scoped,F03,revision_before_dispatch,,True,True,False,direct
eval-F03-02,operation_scoped,F03,revision_before_dispatch,,True,True,False,direct
eval-F03-02,request_only,F03,revision_before_dispatch,,True,False,False,direct
eval-F03-03,intent_scoped,F03,revision_before_dispatch,,True,True,False,direct
eval-F03-03,operation_scoped,F03,revision_before_dispatch,,True,True,False,direct
eval-F03-03,request_only,F03,revision_before_dispatch,,True,False,False,direct
eval-F03-04,intent_scoped,F03,revision_before_dispatch,,True,True,False,direct
eval-F03-04,operation_scoped,F03,revision_before_dispatch,,True,True,False,direct
eval-F03-04,request_only,F03,revision_before_dispatch,,True,False,False,direct
eval-F03-05,intent_scoped,F03,revision_before_dispatch,,True,True,False,direct
eval-F03-05,operation_scoped,F03,revision_before_dispatch,,True,True,False,direct
eval-F03-05,request_only,F03,revision_before_dispatch,,True,False,False,direct
eval-F03-06,intent_scoped,F03,revision_before_dispatch,,True,True,False,direct
eval-F03-06,operation_scoped,F03,revision_before_dispatch,,True,True,False,direct
eval-F03-06,request_only,F03,revision_before_dispatch,,True,False,False,direct
eval-F03-07,intent_scoped,F03,revision_before_dispatch,,True,True,False,direct
eval-F03-07,operation_scoped,F03,revision_before_dispatch,,True,True,False,direct
eval-F03-07,request_only,F03,revision_before_dispatch,,True,False,False,direct
eval-F03-08,intent_scoped,F03,revision_before_dispatch,,True,True,False,direct
eval-F03-08,operation_scoped,F03,revision_before_dispatch,,True,True,False,direct
eval-F03-08,request_only,F03,revision_before_dispatch,,True,False,False,direct
eval-F03-09,intent_scoped,F03,revision_before_dispatch,,True,True,False,direct
eval-F03-09,operation_scoped,F03,revision_before_dispatch,,True,True,False,direct
eval-F03-09,request_only,F03,revision_before_dispatch,,True,False,False,direct
eval-F04-00,intent_scoped,F04,budget_contention,,True,True,False,direct
eval-F04-00,operation_scoped,F04,budget_contention,,True,True,False,direct
eval-F04-00,request_only,F04,budget_contention,,True,False,False,direct
eval-F04-01,intent_scoped,F04,budget_contention,,True,False,False,direct
eval-F04-01,operation_scoped,F04,budget_contention,,True,False,False,direct
eval-F04-01,request_only,F04,budget_contention,,True,False,False,direct
eval-F04-02,intent_scoped,F04,budget_contention,,True,True,False,direct
eval-F04-02,operation_scoped,F04,budget_contention,,True,True,False,direct
eval-F04-02,request_only,F04,budget_contention,,True,False,False,direct
eval-F04-03,intent_scoped,F04,budget_contention,,True,False,False,direct
eval-F04-03,operation_scoped,F04,budget_contention,,True,False,False,direct
eval-F04-03,request_only,F04,budget_contention,,True,False,False,direct
eval-F04-04,intent_scoped,F04,budget_contention,,True,True,False,direct
eval-F04-04,operation_scoped,F04,budget_contention,,True,True,False,direct
eval-F04-04,request_only,F04,budget_contention,,True,False,False,direct
eval-F04-05,intent_scoped,F04,budget_contention,,True,False,False,direct
eval-F04-05,operation_scoped,F04,budget_contention,,True,False,False,direct
eval-F04-05,request_only,F04,budget_contention,,True,False,False,direct
eval-F04-06,intent_scoped,F04,budget_contention,,True,True,False,direct
eval-F04-06,operation_scoped,F04,budget_contention,,True,True,False,direct
eval-F04-06,request_only,F04,budget_contention,,True,False,False,direct
eval-F04-07,intent_scoped,F04,budget_contention,,True,False,False,direct
eval-F04-07,operation_scoped,F04,budget_contention,,True,False,False,direct
eval-F04-07,request_only,F04,budget_contention,,True,False,False,direct
eval-F04-08,intent_scoped,F04,budget_contention,,True,True,False,direct
eval-F04-08,operation_scoped,F04,budget_contention,,True,True,False,direct
eval-F04-08,request_only,F04,budget_contention,,True,False,False,direct
eval-F04-09,intent_scoped,F04,budget_contention,,True,False,False,direct
eval-F04-09,operation_scoped,F04,budget_contention,,True,False,False,direct
eval-F04-09,request_only,F04,budget_contention,,True,False,False,direct
eval-F05-00,intent_scoped,F05,initial_delivery_loss,,True,True,False,direct
eval-F05-00,operation_scoped,F05,initial_delivery_loss,,True,True,False,direct
eval-F05-00,request_only,F05,initial_delivery_loss,,True,False,False,direct
eval-F05-01,intent_scoped,F05,initial_delivery_loss,,True,True,False,direct
eval-F05-01,operation_scoped,F05,initial_delivery_loss,,True,True,False,direct
eval-F05-01,request_only,F05,initial_delivery_loss,,True,False,False,direct
eval-F05-02,intent_scoped,F05,initial_delivery_loss,,True,False,True,direct
eval-F05-02,operation_scoped,F05,initial_delivery_loss,,True,False,True,direct
eval-F05-02,request_only,F05,initial_delivery_loss,,True,False,False,direct
eval-F05-03,intent_scoped,F05,initial_delivery_loss,,True,True,False,direct
eval-F05-03,operation_scoped,F05,initial_delivery_loss,,True,True,False,direct
eval-F05-03,request_only,F05,initial_delivery_loss,,True,False,False,direct
eval-F05-04,intent_scoped,F05,initial_delivery_loss,,True,True,False,direct
eval-F05-04,operation_scoped,F05,initial_delivery_loss,,True,True,False,direct
eval-F05-04,request_only,F05,initial_delivery_loss,,True,False,False,direct
eval-F05-05,intent_scoped,F05,initial_delivery_loss,,True,False,True,direct
eval-F05-05,operation_scoped,F05,initial_delivery_loss,,True,False,True,direct
eval-F05-05,request_only,F05,initial_delivery_loss,,True,False,False,direct
eval-F05-06,intent_scoped,F05,initial_delivery_loss,,True,True,False,direct
eval-F05-06,operation_scoped,F05,initial_delivery_loss,,True,True,False,direct
eval-F05-06,request_only,F05,initial_delivery_loss,,True,False,False,direct
eval-F05-07,intent_scoped,F05,initial_delivery_loss,,True,True,False,direct
eval-F05-07,operation_scoped,F05,initial_delivery_loss,,True,True,False,direct
eval-F05-07,request_only,F05,initial_delivery_loss,,True,False,False,direct
eval-F05-08,intent_scoped,F05,initial_delivery_loss,,True,False,True,direct
eval-F05-08,operation_scoped,F05,initial_delivery_loss,,True,False,True,direct
eval-F05-08,request_only,F05,initial_delivery_loss,,True,False,False,direct
eval-F05-09,intent_scoped,F05,initial_delivery_loss,,True,True,False,direct
eval-F05-09,operation_scoped,F05,initial_delivery_loss,,True,True,False,direct
eval-F05-09,request_only,F05,initial_delivery_loss,,True,False,False,direct
eval-F06-00,intent_scoped,F06,initial_delivery_loss,,True,True,False,direct
eval-F06-00,operation_scoped,F06,initial_delivery_loss,,True,True,False,direct
eval-F06-00,request_only,F06,initial_delivery_loss,,True,False,False,direct
eval-F06-01,intent_scoped,F06,initial_delivery_loss,,True,True,False,direct
eval-F06-01,operation_scoped,F06,initial_delivery_loss,,True,True,False,direct
eval-F06-01,request_only,F06,initial_delivery_loss,,True,False,False,direct
eval-F06-02,intent_scoped,F06,initial_delivery_loss,,True,False,True,direct
eval-F06-02,operation_scoped,F06,initial_delivery_loss,,True,False,True,direct
eval-F06-02,request_only,F06,initial_delivery_loss,,True,False,False,direct
eval-F06-03,intent_scoped,F06,initial_delivery_loss,,True,True,False,direct
eval-F06-03,operation_scoped,F06,initial_delivery_loss,,True,True,False,direct
eval-F06-03,request_only,F06,initial_delivery_loss,,True,False,False,direct
eval-F06-04,intent_scoped,F06,initial_delivery_loss,,True,True,False,direct
eval-F06-04,operation_scoped,F06,initial_delivery_loss,,True,True,False,direct
eval-F06-04,request_only,F06,initial_delivery_loss,,True,False,False,direct
eval-F06-05,intent_scoped,F06,initial_delivery_loss,,True,False,True,direct
eval-F06-05,operation_scoped,F06,initial_delivery_loss,,True,False,True,direct
eval-F06-05,request_only,F06,initial_delivery_loss,,True,False,False,direct
eval-F06-06,intent_scoped,F06,initial_delivery_loss,,True,True,False,direct
eval-F06-06,operation_scoped,F06,initial_delivery_loss,,True,True,False,direct
eval-F06-06,request_only,F06,initial_delivery_loss,,True,False,False,direct
eval-F06-07,intent_scoped,F06,initial_delivery_loss,,True,True,False,direct
eval-F06-07,operation_scoped,F06,initial_delivery_loss,,True,True,False,direct
eval-F06-07,request_only,F06,initial_delivery_loss,,True,False,False,direct
eval-F06-08,intent_scoped,F06,initial_delivery_loss,,True,False,True,direct
eval-F06-08,operation_scoped,F06,initial_delivery_loss,,True,False,True,direct
eval-F06-08,request_only,F06,initial_delivery_loss,,True,False,False,direct
eval-F06-09,intent_scoped,F06,initial_delivery_loss,,True,True,False,direct
eval-F06-09,operation_scoped,F06,initial_delivery_loss,,True,True,False,direct
eval-F06-09,request_only,F06,initial_delivery_loss,,True,False,False,direct
eval-F07-00,intent_scoped,F07,initial_delivery_loss;lookup_attempted,,True,True,False,direct
eval-F07-00,operation_scoped,F07,initial_delivery_loss;lookup_attempted,,True,True,False,direct
eval-F07-00,request_only,F07,initial_delivery_loss;lookup_attempted,lookup_attempted,False,False,False,direct
eval-F07-01,intent_scoped,F07,initial_delivery_loss;lookup_attempted,,True,True,False,direct
eval-F07-01,operation_scoped,F07,initial_delivery_loss;lookup_attempted,,True,True,False,direct
eval-F07-01,request_only,F07,initial_delivery_loss;lookup_attempted,lookup_attempted,False,False,False,direct
eval-F07-02,intent_scoped,F07,initial_delivery_loss;lookup_attempted,,True,False,True,direct
eval-F07-02,operation_scoped,F07,initial_delivery_loss;lookup_attempted,,True,False,True,direct
eval-F07-02,request_only,F07,initial_delivery_loss;lookup_attempted,lookup_attempted,False,False,False,direct
eval-F07-03,intent_scoped,F07,initial_delivery_loss;lookup_attempted,,True,True,False,direct
eval-F07-03,operation_scoped,F07,initial_delivery_loss;lookup_attempted,,True,True,False,direct
eval-F07-03,request_only,F07,initial_delivery_loss;lookup_attempted,lookup_attempted,False,False,False,direct
eval-F07-04,intent_scoped,F07,initial_delivery_loss;lookup_attempted,,True,True,False,direct
eval-F07-04,operation_scoped,F07,initial_delivery_loss;lookup_attempted,,True,True,False,direct
eval-F07-04,request_only,F07,initial_delivery_loss;lookup_attempted,lookup_attempted,False,False,False,direct
eval-F07-05,intent_scoped,F07,initial_delivery_loss;lookup_attempted,,True,False,True,direct
eval-F07-05,operation_scoped,F07,initial_delivery_loss;lookup_attempted,,True,False,True,direct
eval-F07-05,request_only,F07,initial_delivery_loss;lookup_attempted,lookup_attempted,False,False,False,direct
eval-F07-06,intent_scoped,F07,initial_delivery_loss;lookup_attempted,,True,True,False,direct
eval-F07-06,operation_scoped,F07,initial_delivery_loss;lookup_attempted,,True,True,False,direct
eval-F07-06,request_only,F07,initial_delivery_loss;lookup_attempted,lookup_attempted,False,False,False,direct
eval-F07-07,intent_scoped,F07,initial_delivery_loss;lookup_attempted,,True,True,False,direct
eval-F07-07,operation_scoped,F07,initial_delivery_loss;lookup_attempted,,True,True,False,direct
eval-F07-07,request_only,F07,initial_delivery_loss;lookup_attempted,lookup_attempted,False,False,False,direct
eval-F07-08,intent_scoped,F07,initial_delivery_loss;lookup_attempted,,True,False,True,direct
eval-F07-08,operation_scoped,F07,initial_delivery_loss;lookup_attempted,,True,False,True,direct
eval-F07-08,request_only,F07,initial_delivery_loss;lookup_attempted,lookup_attempted,False,False,False,direct
eval-F07-09,intent_scoped,F07,initial_delivery_loss;lookup_attempted,,True,True,False,direct
eval-F07-09,operation_scoped,F07,initial_delivery_loss;lookup_attempted,,True,True,False,direct
eval-F07-09,request_only,F07,initial_delivery_loss;lookup_attempted,lookup_attempted,False,False,False,direct
eval-F08-00,intent_scoped,F08,initial_delivery_loss;outcome_unknown_through_retention,,True,True,False,direct
eval-F08-00,operation_scoped,F08,initial_delivery_loss;outcome_unknown_through_retention,,True,True,False,direct
eval-F08-00,request_only,F08,initial_delivery_loss;outcome_unknown_through_retention,,True,False,False,direct
eval-F08-01,intent_scoped,F08,initial_delivery_loss;outcome_unknown_through_retention,,True,True,False,direct
eval-F08-01,operation_scoped,F08,initial_delivery_loss;outcome_unknown_through_retention,,True,True,False,direct
eval-F08-01,request_only,F08,initial_delivery_loss;outcome_unknown_through_retention,,True,False,False,direct
eval-F08-02,intent_scoped,F08,initial_delivery_loss;outcome_unknown_through_retention,,True,True,False,direct
eval-F08-02,operation_scoped,F08,initial_delivery_loss;outcome_unknown_through_retention,,True,True,False,direct
eval-F08-02,request_only,F08,initial_delivery_loss;outcome_unknown_through_retention,,True,False,False,direct
eval-F08-03,intent_scoped,F08,initial_delivery_loss;outcome_unknown_through_retention,,True,True,False,direct
eval-F08-03,operation_scoped,F08,initial_delivery_loss;outcome_unknown_through_retention,,True,True,False,direct
eval-F08-03,request_only,F08,initial_delivery_loss;outcome_unknown_through_retention,,True,False,False,direct
eval-F08-04,intent_scoped,F08,initial_delivery_loss;outcome_unknown_through_retention,,True,True,False,direct
eval-F08-04,operation_scoped,F08,initial_delivery_loss;outcome_unknown_through_retention,,True,True,False,direct
eval-F08-04,request_only,F08,initial_delivery_loss;outcome_unknown_through_retention,,True,False,False,direct
eval-F08-05,intent_scoped,F08,initial_delivery_loss;outcome_unknown_through_retention,,True,True,False,direct
eval-F08-05,operation_scoped,F08,initial_delivery_loss;outcome_unknown_through_retention,,True,True,False,direct
eval-F08-05,request_only,F08,initial_delivery_loss;outcome_unknown_through_retention,,True,False,False,direct
eval-F08-06,intent_scoped,F08,initial_delivery_loss;outcome_unknown_through_retention,,True,True,False,direct
eval-F08-06,operation_scoped,F08,initial_delivery_loss;outcome_unknown_through_retention,,True,True,False,direct
eval-F08-06,request_only,F08,initial_delivery_loss;outcome_unknown_through_retention,,True,False,False,direct
eval-F08-07,intent_scoped,F08,initial_delivery_loss;outcome_unknown_through_retention,,True,True,False,direct
eval-F08-07,operation_scoped,F08,initial_delivery_loss;outcome_unknown_through_retention,,True,True,False,direct
eval-F08-07,request_only,F08,initial_delivery_loss;outcome_unknown_through_retention,,True,False,False,direct
eval-F08-08,intent_scoped,F08,initial_delivery_loss;outcome_unknown_through_retention,,True,True,False,direct
eval-F08-08,operation_scoped,F08,initial_delivery_loss;outcome_unknown_through_retention,,True,True,False,direct
eval-F08-08,request_only,F08,initial_delivery_loss;outcome_unknown_through_retention,,True,False,False,direct
eval-F08-09,intent_scoped,F08,initial_delivery_loss;outcome_unknown_through_retention,,True,True,False,direct
eval-F08-09,operation_scoped,F08,initial_delivery_loss;outcome_unknown_through_retention,,True,True,False,direct
eval-F08-09,request_only,F08,initial_delivery_loss;outcome_unknown_through_retention,,True,False,False,direct
eval-F09-00,intent_scoped,F09,crash_boundary,,True,True,False,direct
eval-F09-00,operation_scoped,F09,crash_boundary,,True,True,False,direct
eval-F09-00,request_only,F09,crash_boundary,,True,False,False,direct
eval-F09-01,intent_scoped,F09,crash_boundary,,True,True,False,direct
eval-F09-01,operation_scoped,F09,crash_boundary,,True,True,False,direct
eval-F09-01,request_only,F09,crash_boundary,,True,False,False,direct
eval-F09-02,intent_scoped,F09,crash_boundary,,True,False,True,direct
eval-F09-02,operation_scoped,F09,crash_boundary,,True,False,True,direct
eval-F09-02,request_only,F09,crash_boundary,,True,False,False,direct
eval-F09-03,intent_scoped,F09,crash_boundary,,True,True,False,direct
eval-F09-03,operation_scoped,F09,crash_boundary,,True,True,False,direct
eval-F09-03,request_only,F09,crash_boundary,,True,False,False,direct
eval-F09-04,intent_scoped,F09,crash_boundary,,True,True,False,direct
eval-F09-04,operation_scoped,F09,crash_boundary,,True,True,False,direct
eval-F09-04,request_only,F09,crash_boundary,,True,False,False,direct
eval-F09-05,intent_scoped,F09,crash_boundary,,True,False,True,direct
eval-F09-05,operation_scoped,F09,crash_boundary,,True,False,True,direct
eval-F09-05,request_only,F09,crash_boundary,,True,False,False,direct
eval-F09-06,intent_scoped,F09,crash_boundary,,True,True,False,direct
eval-F09-06,operation_scoped,F09,crash_boundary,,True,True,False,direct
eval-F09-06,request_only,F09,crash_boundary,,True,False,False,direct
eval-F09-07,intent_scoped,F09,crash_boundary,,True,True,False,direct
eval-F09-07,operation_scoped,F09,crash_boundary,,True,True,False,direct
eval-F09-07,request_only,F09,crash_boundary,,True,False,False,direct
eval-F09-08,intent_scoped,F09,crash_boundary,,True,False,True,direct
eval-F09-08,operation_scoped,F09,crash_boundary,,True,False,True,direct
eval-F09-08,request_only,F09,crash_boundary,,True,False,False,direct
eval-F09-09,intent_scoped,F09,crash_boundary,,True,True,False,direct
eval-F09-09,operation_scoped,F09,crash_boundary,,True,True,False,direct
eval-F09-09,request_only,F09,crash_boundary,,True,False,False,direct
eval-F10-00,intent_scoped,F10,initial_delivery_loss;revision_during_recovery,,True,True,False,direct
eval-F10-00,operation_scoped,F10,initial_delivery_loss;revision_during_recovery,,True,False,False,direct
eval-F10-00,request_only,F10,initial_delivery_loss;revision_during_recovery,,True,False,False,direct
eval-F10-01,intent_scoped,F10,initial_delivery_loss;revision_during_recovery,,True,True,False,direct
eval-F10-01,operation_scoped,F10,initial_delivery_loss;revision_during_recovery,,True,False,False,direct
eval-F10-01,request_only,F10,initial_delivery_loss;revision_during_recovery,,True,False,False,direct
eval-F10-02,intent_scoped,F10,initial_delivery_loss;revision_during_recovery,,True,False,True,direct
eval-F10-02,operation_scoped,F10,initial_delivery_loss;revision_during_recovery,,True,False,False,direct
eval-F10-02,request_only,F10,initial_delivery_loss;revision_during_recovery,,True,False,False,direct
eval-F10-03,intent_scoped,F10,initial_delivery_loss;revision_during_recovery,,True,True,False,direct
eval-F10-03,operation_scoped,F10,initial_delivery_loss;revision_during_recovery,,True,False,False,direct
eval-F10-03,request_only,F10,initial_delivery_loss;revision_during_recovery,,True,False,False,direct
eval-F10-04,intent_scoped,F10,initial_delivery_loss;revision_during_recovery,,True,True,False,direct
eval-F10-04,operation_scoped,F10,initial_delivery_loss;revision_during_recovery,,True,False,False,direct
eval-F10-04,request_only,F10,initial_delivery_loss;revision_during_recovery,,True,False,False,direct
eval-F10-05,intent_scoped,F10,initial_delivery_loss;revision_during_recovery,,True,False,True,direct
eval-F10-05,operation_scoped,F10,initial_delivery_loss;revision_during_recovery,,True,False,False,direct
eval-F10-05,request_only,F10,initial_delivery_loss;revision_during_recovery,,True,False,False,direct
eval-F10-06,intent_scoped,F10,initial_delivery_loss;revision_during_recovery,,True,True,False,direct
eval-F10-06,operation_scoped,F10,initial_delivery_loss;revision_during_recovery,,True,False,False,direct
eval-F10-06,request_only,F10,initial_delivery_loss;revision_during_recovery,,True,False,False,direct
eval-F10-07,intent_scoped,F10,initial_delivery_loss;revision_during_recovery,,True,True,False,direct
eval-F10-07,operation_scoped,F10,initial_delivery_loss;revision_during_recovery,,True,False,False,direct
eval-F10-07,request_only,F10,initial_delivery_loss;revision_during_recovery,,True,False,False,direct
eval-F10-08,intent_scoped,F10,initial_delivery_loss;revision_during_recovery,,True,False,True,direct
eval-F10-08,operation_scoped,F10,initial_delivery_loss;revision_during_recovery,,True,False,False,direct
eval-F10-08,request_only,F10,initial_delivery_loss;revision_during_recovery,,True,False,False,direct
eval-F10-09,intent_scoped,F10,initial_delivery_loss;revision_during_recovery,,True,True,False,direct
eval-F10-09,operation_scoped,F10,initial_delivery_loss;revision_during_recovery,,True,False,False,direct
eval-F10-09,request_only,F10,initial_delivery_loss;revision_during_recovery,,True,False,False,direct
eval-F11-00,intent_scoped,F11,request_revision;cancellation_attempted;cancellation_response_lost,,True,True,False,direct
eval-F11-00,operation_scoped,F11,request_revision;cancellation_attempted;cancellation_response_lost,cancellation_attempted;cancellation_response_lost,False,False,False,direct
eval-F11-00,request_only,F11,request_revision;cancellation_attempted;cancellation_response_lost,cancellation_attempted;cancellation_response_lost,False,False,False,direct
eval-F11-01,intent_scoped,F11,request_revision;cancellation_attempted;cancellation_response_lost,,True,True,False,direct
eval-F11-01,operation_scoped,F11,request_revision;cancellation_attempted;cancellation_response_lost,cancellation_attempted;cancellation_response_lost,False,False,False,direct
eval-F11-01,request_only,F11,request_revision;cancellation_attempted;cancellation_response_lost,cancellation_attempted;cancellation_response_lost,False,False,False,direct
eval-F11-02,intent_scoped,F11,request_revision;cancellation_attempted;cancellation_response_lost,,True,False,True,direct
eval-F11-02,operation_scoped,F11,request_revision;cancellation_attempted;cancellation_response_lost,cancellation_attempted;cancellation_response_lost,False,False,False,direct
eval-F11-02,request_only,F11,request_revision;cancellation_attempted;cancellation_response_lost,cancellation_attempted;cancellation_response_lost,False,False,False,direct
eval-F11-03,intent_scoped,F11,request_revision;cancellation_attempted;cancellation_response_lost,,True,True,False,direct
eval-F11-03,operation_scoped,F11,request_revision;cancellation_attempted;cancellation_response_lost,cancellation_attempted;cancellation_response_lost,False,False,False,direct
eval-F11-03,request_only,F11,request_revision;cancellation_attempted;cancellation_response_lost,cancellation_attempted;cancellation_response_lost,False,False,False,direct
eval-F11-04,intent_scoped,F11,request_revision;cancellation_attempted;cancellation_response_lost,,True,True,False,direct
eval-F11-04,operation_scoped,F11,request_revision;cancellation_attempted;cancellation_response_lost,cancellation_attempted;cancellation_response_lost,False,False,False,direct
eval-F11-04,request_only,F11,request_revision;cancellation_attempted;cancellation_response_lost,cancellation_attempted;cancellation_response_lost,False,False,False,direct
eval-F11-05,intent_scoped,F11,request_revision;cancellation_attempted;cancellation_response_lost,,True,False,True,direct
eval-F11-05,operation_scoped,F11,request_revision;cancellation_attempted;cancellation_response_lost,cancellation_attempted;cancellation_response_lost,False,False,False,direct
eval-F11-05,request_only,F11,request_revision;cancellation_attempted;cancellation_response_lost,cancellation_attempted;cancellation_response_lost,False,False,False,direct
eval-F11-06,intent_scoped,F11,request_revision;delayed_original_injected,,True,True,False,direct
eval-F11-06,operation_scoped,F11,request_revision;delayed_original_injected,,True,False,False,direct
eval-F11-06,request_only,F11,request_revision;delayed_original_injected,,True,False,False,direct
eval-F11-07,intent_scoped,F11,request_revision;delayed_original_injected,,True,True,False,direct
eval-F11-07,operation_scoped,F11,request_revision;delayed_original_injected,,True,False,False,direct
eval-F11-07,request_only,F11,request_revision;delayed_original_injected,,True,False,False,direct
eval-F11-08,intent_scoped,F11,request_revision;delayed_original_injected,,True,False,True,direct
eval-F11-08,operation_scoped,F11,request_revision;delayed_original_injected,,True,False,False,direct
eval-F11-08,request_only,F11,request_revision;delayed_original_injected,,True,False,False,direct
eval-F11-09,intent_scoped,F11,request_revision;delayed_original_injected,,True,True,False,direct
eval-F11-09,operation_scoped,F11,request_revision;delayed_original_injected,,True,False,False,direct
eval-F11-09,request_only,F11,request_revision;delayed_original_injected,,True,False,False,direct
eval-F12-00,intent_scoped,F12,,,not_applicable,True,False,direct
eval-F12-00,operation_scoped,F12,,,not_applicable,True,False,direct
eval-F12-00,request_only,F12,,,not_applicable,True,False,direct
eval-F12-01,intent_scoped,F12,,,not_applicable,True,False,direct
eval-F12-01,operation_scoped,F12,,,not_applicable,True,False,direct
eval-F12-01,request_only,F12,,,not_applicable,True,False,direct
eval-F12-02,intent_scoped,F12,,,not_applicable,True,False,direct
eval-F12-02,operation_scoped,F12,,,not_applicable,True,False,direct
eval-F12-02,request_only,F12,,,not_applicable,True,False,direct
eval-F12-03,intent_scoped,F12,,,not_applicable,True,False,direct
eval-F12-03,operation_scoped,F12,,,not_applicable,True,False,direct
eval-F12-03,request_only,F12,,,not_applicable,True,False,direct
eval-F12-04,intent_scoped,F12,,,not_applicable,True,False,direct
eval-F12-04,operation_scoped,F12,,,not_applicable,True,False,direct
eval-F12-04,request_only,F12,,,not_applicable,True,False,direct
eval-F12-05,intent_scoped,F12,,,not_applicable,True,False,direct
eval-F12-05,operation_scoped,F12,,,not_applicable,True,False,direct
eval-F12-05,request_only,F12,,,not_applicable,True,False,direct
eval-F12-06,intent_scoped,F12,,,not_applicable,True,False,direct
eval-F12-06,operation_scoped,F12,,,not_applicable,True,False,direct
eval-F12-06,request_only,F12,,,not_applicable,True,False,direct
eval-F12-07,intent_scoped,F12,,,not_applicable,True,False,direct
eval-F12-07,operation_scoped,F12,,,not_applicable,True,False,direct
eval-F12-07,request_only,F12,,,not_applicable,True,False,direct
eval-F12-08,intent_scoped,F12,,,not_applicable,True,False,direct
eval-F12-08,operation_scoped,F12,,,not_applicable,True,False,direct
eval-F12-08,request_only,F12,,,not_applicable,True,False,direct
eval-F12-09,intent_scoped,F12,,,not_applicable,True,False,direct
eval-F12-09,operation_scoped,F12,,,not_applicable,True,False,direct
eval-F12-09,request_only,F12,,,not_applicable,True,False,direct
eval-F01-00,intent_scoped,F01,,,not_applicable,True,False,http
eval-F01-00,operation_scoped,F01,,,not_applicable,True,False,http
eval-F01-00,request_only,F01,,,not_applicable,True,False,http
eval-F01-02,intent_scoped,F01,,,not_applicable,True,False,http
eval-F01-02,operation_scoped,F01,,,not_applicable,True,False,http
eval-F01-02,request_only,F01,,,not_applicable,True,False,http
eval-F02-00,intent_scoped,F02,unrelated_change,,True,True,False,http
eval-F02-00,operation_scoped,F02,unrelated_change,,True,True,False,http
eval-F02-00,request_only,F02,unrelated_change,,True,True,False,http
eval-F02-02,intent_scoped,F02,unrelated_change,,True,True,False,http
eval-F02-02,operation_scoped,F02,unrelated_change,,True,True,False,http
eval-F02-02,request_only,F02,unrelated_change,,True,True,False,http
eval-F03-00,intent_scoped,F03,revision_before_dispatch,,True,True,False,http
eval-F03-00,operation_scoped,F03,revision_before_dispatch,,True,True,False,http
eval-F03-00,request_only,F03,revision_before_dispatch,,True,False,False,http
eval-F03-02,intent_scoped,F03,revision_before_dispatch,,True,True,False,http
eval-F03-02,operation_scoped,F03,revision_before_dispatch,,True,True,False,http
eval-F03-02,request_only,F03,revision_before_dispatch,,True,False,False,http
eval-F04-00,intent_scoped,F04,budget_contention,,True,True,False,http
eval-F04-00,operation_scoped,F04,budget_contention,,True,True,False,http
eval-F04-00,request_only,F04,budget_contention,,True,False,False,http
eval-F04-02,intent_scoped,F04,budget_contention,,True,True,False,http
eval-F04-02,operation_scoped,F04,budget_contention,,True,True,False,http
eval-F04-02,request_only,F04,budget_contention,,True,False,False,http
eval-F05-00,intent_scoped,F05,initial_delivery_loss,,True,True,False,http
eval-F05-00,operation_scoped,F05,initial_delivery_loss,,True,True,False,http
eval-F05-00,request_only,F05,initial_delivery_loss,,True,False,False,http
eval-F05-02,intent_scoped,F05,initial_delivery_loss,,True,False,True,http
eval-F05-02,operation_scoped,F05,initial_delivery_loss,,True,False,True,http
eval-F05-02,request_only,F05,initial_delivery_loss,,True,False,False,http
eval-F06-00,intent_scoped,F06,initial_delivery_loss,,True,True,False,http
eval-F06-00,operation_scoped,F06,initial_delivery_loss,,True,True,False,http
eval-F06-00,request_only,F06,initial_delivery_loss,,True,False,False,http
eval-F06-02,intent_scoped,F06,initial_delivery_loss,,True,False,True,http
eval-F06-02,operation_scoped,F06,initial_delivery_loss,,True,False,True,http
eval-F06-02,request_only,F06,initial_delivery_loss,,True,False,False,http
eval-F07-00,intent_scoped,F07,initial_delivery_loss;lookup_attempted,,True,True,False,http
eval-F07-00,operation_scoped,F07,initial_delivery_loss;lookup_attempted,,True,True,False,http
eval-F07-00,request_only,F07,initial_delivery_loss;lookup_attempted,lookup_attempted,False,False,False,http
eval-F07-02,intent_scoped,F07,initial_delivery_loss;lookup_attempted,,True,False,True,http
eval-F07-02,operation_scoped,F07,initial_delivery_loss;lookup_attempted,,True,False,True,http
eval-F07-02,request_only,F07,initial_delivery_loss;lookup_attempted,lookup_attempted,False,False,False,http
eval-F08-00,intent_scoped,F08,initial_delivery_loss;outcome_unknown_through_retention,,True,True,False,http
eval-F08-00,operation_scoped,F08,initial_delivery_loss;outcome_unknown_through_retention,,True,True,False,http
eval-F08-00,request_only,F08,initial_delivery_loss;outcome_unknown_through_retention,,True,False,False,http
eval-F08-02,intent_scoped,F08,initial_delivery_loss;outcome_unknown_through_retention,,True,True,False,http
eval-F08-02,operation_scoped,F08,initial_delivery_loss;outcome_unknown_through_retention,,True,True,False,http
eval-F08-02,request_only,F08,initial_delivery_loss;outcome_unknown_through_retention,,True,False,False,http
eval-F09-00,intent_scoped,F09,crash_boundary,,True,True,False,http
eval-F09-00,operation_scoped,F09,crash_boundary,,True,True,False,http
eval-F09-00,request_only,F09,crash_boundary,,True,False,False,http
eval-F09-02,intent_scoped,F09,crash_boundary,,True,False,True,http
eval-F09-02,operation_scoped,F09,crash_boundary,,True,False,True,http
eval-F09-02,request_only,F09,crash_boundary,,True,False,False,http
eval-F10-00,intent_scoped,F10,initial_delivery_loss;revision_during_recovery,,True,True,False,http
eval-F10-00,operation_scoped,F10,initial_delivery_loss;revision_during_recovery,,True,False,False,http
eval-F10-00,request_only,F10,initial_delivery_loss;revision_during_recovery,,True,False,False,http
eval-F10-01,intent_scoped,F10,initial_delivery_loss;revision_during_recovery,,True,True,False,http
eval-F10-01,operation_scoped,F10,initial_delivery_loss;revision_during_recovery,,True,False,False,http
eval-F10-01,request_only,F10,initial_delivery_loss;revision_during_recovery,,True,False,False,http
eval-F10-02,intent_scoped,F10,initial_delivery_loss;revision_during_recovery,,True,False,True,http
eval-F10-02,operation_scoped,F10,initial_delivery_loss;revision_during_recovery,,True,False,False,http
eval-F10-02,request_only,F10,initial_delivery_loss;revision_during_recovery,,True,False,False,http
eval-F11-00,intent_scoped,F11,request_revision;cancellation_attempted;cancellation_response_lost,,True,True,False,http
eval-F11-00,operation_scoped,F11,request_revision;cancellation_attempted;cancellation_response_lost,cancellation_attempted;cancellation_response_lost,False,False,False,http
eval-F11-00,request_only,F11,request_revision;cancellation_attempted;cancellation_response_lost,cancellation_attempted;cancellation_response_lost,False,False,False,http
eval-F11-01,intent_scoped,F11,request_revision;cancellation_attempted;cancellation_response_lost,,True,True,False,http
eval-F11-01,operation_scoped,F11,request_revision;cancellation_attempted;cancellation_response_lost,cancellation_attempted;cancellation_response_lost,False,False,False,http
eval-F11-01,request_only,F11,request_revision;cancellation_attempted;cancellation_response_lost,cancellation_attempted;cancellation_response_lost,False,False,False,http
eval-F11-02,intent_scoped,F11,request_revision;cancellation_attempted;cancellation_response_lost,,True,False,True,http
eval-F11-02,operation_scoped,F11,request_revision;cancellation_attempted;cancellation_response_lost,cancellation_attempted;cancellation_response_lost,False,False,False,http
eval-F11-02,request_only,F11,request_revision;cancellation_attempted;cancellation_response_lost,cancellation_attempted;cancellation_response_lost,False,False,False,http
eval-F12-00,intent_scoped,F12,,,not_applicable,True,False,http
eval-F12-00,operation_scoped,F12,,,not_applicable,True,False,http
eval-F12-00,request_only,F12,,,not_applicable,True,False,http
eval-F12-02,intent_scoped,F12,,,not_applicable,True,False,http
eval-F12-02,operation_scoped,F12,,,not_applicable,True,False,http
eval-F12-02,request_only,F12,,,not_applicable,True,False,http
