case_id,family,capability,completion_difference,invalid_effect_difference,unresolved_difference,additional_calls
eval-F01-00,F01,DURABLE,0,0,0,0
eval-F01-01,F01,EXPIRING,0,0,0,0
eval-F01-02,F01,OPAQUE,0,0,0,0
eval-F01-03,F01,DURABLE,0,0,0,0
eval-F01-04,F01,EXPIRING,0,0,0,0
eval-F01-05,F01,OPAQUE,0,0,0,0
eval-F01-06,F01,DURABLE,0,0,0,0
eval-F01-07,F01,EXPIRING,0,0,0,0
eval-F01-08,F01,OPAQUE,0,0,0,0
eval-F01-09,F01,DURABLE,0,0,0,0
eval-F02-00,F02,DURABLE,0,0,0,0
eval-F02-01,F02,EXPIRING,0,0,0,0
eval-F02-02,F02,OPAQUE,0,0,0,0
eval-F02-03,F02,DURABLE,0,0,0,0
eval-F02-04,F02,EXPIRING,0,0,0,0
eval-F02-05,F02,OPAQUE,0,0,0,0
eval-F02-06,F02,DURABLE,0,0,0,0
eval-F02-07,F02,EXPIRING,0,0,0,0
eval-F02-08,F02,OPAQUE,0,0,0,0
eval-F02-09,F02,DURABLE,0,0,0,0
eval-F03-00,F03,DURABLE,0,0,0,0
eval-F03-01,F03,EXPIRING,0,0,0,0
eval-F03-02,F03,OPAQUE,0,0,0,0
eval-F03-03,F03,DURABLE,0,0,0,0
eval-F03-04,F03,EXPIRING,0,0,0,0
eval-F03-05,F03,OPAQUE,0,0,0,0
eval-F03-06,F03,DURABLE,0,0,0,0
eval-F03-07,F03,EXPIRING,0,0,0,0
eval-F03-08,F03,OPAQUE,0,0,0,0
eval-F03-09,F03,DURABLE,0,0,0,0
eval-F04-00,F04,DURABLE,0,0,0,0
eval-F04-01,F04,EXPIRING,0,0,0,0
eval-F04-02,F04,OPAQUE,0,0,0,0
eval-F04-03,F04,DURABLE,0,0,0,0
eval-F04-04,F04,EXPIRING,0,0,0,0
eval-F04-05,F04,OPAQUE,0,0,0,0
eval-F04-06,F04,DURABLE,0,0,0,0
eval-F04-07,F04,EXPIRING,0,0,0,0
eval-F04-08,F04,OPAQUE,0,0,0,0
eval-F04-09,F04,DURABLE,0,0,0,0
eval-F05-00,F05,DURABLE,0,0,0,0
eval-F05-01,F05,EXPIRING,0,0,0,0
eval-F05-02,F05,OPAQUE,0,0,0,0
eval-F05-03,F05,DURABLE,0,0,0,0
eval-F05-04,F05,EXPIRING,0,0,0,0
eval-F05-05,F05,OPAQUE,0,0,0,0
eval-F05-06,F05,DURABLE,0,0,0,0
eval-F05-07,F05,EXPIRING,0,0,0,0
eval-F05-08,F05,OPAQUE,0,0,0,0
eval-F05-09,F05,DURABLE,0,0,0,0
eval-F06-00,F06,DURABLE,0,0,0,0
eval-F06-01,F06,EXPIRING,0,0,0,0
eval-F06-02,F06,OPAQUE,0,0,0,0
eval-F06-03,F06,DURABLE,0,0,0,0
eval-F06-04,F06,EXPIRING,0,0,0,0
eval-F06-05,F06,OPAQUE,0,0,0,0
eval-F06-06,F06,DURABLE,0,0,0,0
eval-F06-07,F06,EXPIRING,0,0,0,0
eval-F06-08,F06,OPAQUE,0,0,0,0
eval-F06-09,F06,DURABLE,0,0,0,0
eval-F07-00,F07,DURABLE,0,0,0,0
eval-F07-01,F07,EXPIRING,0,0,0,0
eval-F07-02,F07,OPAQUE,0,0,0,0
eval-F07-03,F07,DURABLE,0,0,0,0
eval-F07-04,F07,EXPIRING,0,0,0,0
eval-F07-05,F07,OPAQUE,0,0,0,0
eval-F07-06,F07,DURABLE,0,0,0,0
eval-F07-07,F07,EXPIRING,0,0,0,0
eval-F07-08,F07,OPAQUE,0,0,0,0
eval-F07-09,F07,DURABLE,0,0,0,0
eval-F08-00,F08,EXPIRING,0,0,0,0
eval-F08-01,F08,EXPIRING,0,0,0,0
eval-F08-02,F08,EXPIRING,0,0,0,0
eval-F08-03,F08,EXPIRING,0,0,0,0
eval-F08-04,F08,EXPIRING,0,0,0,0
eval-F08-05,F08,EXPIRING,0,0,0,0
eval-F08-06,F08,EXPIRING,0,0,0,0
eval-F08-07,F08,EXPIRING,0,0,0,0
eval-F08-08,F08,EXPIRING,0,0,0,0
eval-F08-09,F08,EXPIRING,0,0,0,0
eval-F09-00,F09,DURABLE,0,0,0,0
eval-F09-01,F09,EXPIRING,0,0,0,0
eval-F09-02,F09,OPAQUE,0,0,0,0
eval-F09-03,F09,DURABLE,0,0,0,0
eval-F09-04,F09,EXPIRING,0,0,0,0
eval-F09-05,F09,OPAQUE,0,0,0,0
eval-F09-06,F09,DURABLE,0,0,0,0
eval-F09-07,F09,EXPIRING,0,0,0,0
eval-F09-08,F09,OPAQUE,0,0,0,0
eval-F09-09,F09,DURABLE,0,0,0,0
eval-F10-00,F10,DURABLE,1,-1,0,4
eval-F10-01,F10,EXPIRING,1,-1,0,5
eval-F10-02,F10,OPAQUE,0,-1,1,14
eval-F10-03,F10,DURABLE,1,0,0,6
eval-F10-04,F10,EXPIRING,1,0,0,3
eval-F10-05,F10,OPAQUE,0,0,1,14
eval-F10-06,F10,DURABLE,1,-1,0,6
eval-F10-07,F10,EXPIRING,1,-1,0,7
eval-F10-08,F10,OPAQUE,0,-1,1,14
eval-F10-09,F10,DURABLE,1,0,0,4
eval-F11-00,F11,DURABLE,1,-1,0,3
eval-F11-01,F11,EXPIRING,1,-1,0,4
eval-F11-02,F11,OPAQUE,0,-1,1,14
eval-F11-03,F11,DURABLE,1,-1,0,3
eval-F11-04,F11,EXPIRING,1,-1,0,4
eval-F11-05,F11,OPAQUE,0,-1,1,14
eval-F11-06,F11,DURABLE,1,0,0,3
eval-F11-07,F11,EXPIRING,1,-1,0,9
eval-F11-08,F11,OPAQUE,0,-1,1,14
eval-F11-09,F11,EXPIRING,1,-1,0,9
eval-F12-00,F12,DURABLE,0,0,0,0
eval-F12-01,F12,EXPIRING,0,0,0,0
eval-F12-02,F12,OPAQUE,0,0,0,0
eval-F12-03,F12,DURABLE,0,0,0,0
eval-F12-04,F12,EXPIRING,0,0,0,0
eval-F12-05,F12,OPAQUE,0,0,0,0
eval-F12-06,F12,DURABLE,0,0,0,0
eval-F12-07,F12,EXPIRING,0,0,0,0
eval-F12-08,F12,OPAQUE,0,0,0,0
eval-F12-09,F12,DURABLE,0,0,0,0
