regime,lead,profile,review_delay,review_fee,seed_clusters,scenario_rows,mean_baseline_surplus,mean_policy_surplus,mean_delta_surplus,delta_mc95_low,delta_mc95_high,relative_mean_change_pct,relative_mc95_low,relative_mc95_high,mean_fill_pct,mean_delta_fill_pp,mean_inventory,mean_reviews,mean_review_cost,scenario_harm_pct
stationary,both,cash_buffer,0,25,120,240,83279.30000000,82524.67833333,-754.62166667,-898.36258333,-616.63266667,-0.90613354,-1.07997986,-0.73975990,96.92958190,-0.98349924,69.58805556,1.85833333,46.45833333,72.91666667
stationary,both,cash_buffer,2,25,120,240,83279.30000000,82486.88916667,-792.41083333,-931.03716667,-652.36810417,-0.95150996,-1.11990282,-0.78059985,96.91440415,-0.99867699,69.74680556,1.85833333,46.45833333,75.83333333
stationary,both,cash_buffer,4,25,120,240,83279.30000000,82605.39166667,-673.90833333,-806.78152083,-537.54381250,-0.80921469,-0.97020006,-0.64540692,97.01759016,-0.89549098,69.55486111,1.85833333,46.45833333,70.83333333
stationary,both,plan_anchored,0,25,120,240,83279.30000000,83242.02583333,-37.27416667,-77.96672917,7.01785417,-0.04475802,-0.09325362,0.00843443,97.91613957,0.00305843,73.90083333,1.85833333,46.45833333,58.33333333
stationary,both,plan_anchored,2,25,120,240,83279.30000000,83252.75166667,-26.54833333,-69.67770833,19.98883333,-0.03187867,-0.08357806,0.02384081,97.92114364,0.00806250,73.79159722,1.85833333,46.45833333,55.00000000
stationary,both,plan_anchored,4,25,120,240,83279.30000000,83316.54333333,37.24333333,-13.62791667,87.80000000,0.04472100,-0.01640561,0.10557665,97.98084620,0.06776506,73.49472222,1.85833333,46.45833333,45.41666667
stationary,both,service_buffer,0,25,120,240,83279.30000000,83153.91333333,-125.38666667,-174.24860417,-74.49025000,-0.15056162,-0.20992152,-0.08928826,98.05703810,0.14395696,79.45500000,1.85833333,46.45833333,67.50000000
stationary,both,service_buffer,2,25,120,240,83279.30000000,83243.62833333,-35.67166667,-80.54679167,15.65585417,-0.04283377,-0.09675661,0.01881519,98.10319313,0.19011199,78.96166667,1.85833333,46.45833333,61.25000000
stationary,both,service_buffer,4,25,120,240,83279.30000000,83290.14416667,10.84416667,-54.33341667,83.28583333,0.01302144,-0.06537452,0.10038336,98.15466822,0.24158708,78.55215278,1.85833333,46.45833333,57.08333333
stationary,both,trend_response,0,25,120,240,83279.30000000,82396.50333333,-882.79666667,-1055.54337500,-716.13837500,-1.06004333,-1.26604563,-0.86010738,97.12206006,-0.79102108,77.75333333,1.85833333,46.45833333,78.33333333
stationary,both,trend_response,2,25,120,240,83279.30000000,82366.77583333,-912.52416667,-1084.87922917,-747.36125000,-1.09573948,-1.30122677,-0.89677154,97.12568821,-0.78739293,77.01715278,1.85833333,46.45833333,78.75000000
stationary,both,trend_response,4,25,120,240,83279.30000000,82479.83583333,-799.46416667,-960.65700000,-635.70800000,-0.95997945,-1.15374019,-0.76230020,97.17921182,-0.73386932,76.70562500,1.85833333,46.45833333,75.83333333
stationary,1,cash_buffer,0,25,120,120,85695.06333333,84792.61833333,-902.44500000,-1057.04545833,-753.02170833,-1.05308867,-1.23520014,-0.87846570,97.01844294,-1.11105003,46.09402778,1.85833333,46.45833333,79.16666667
stationary,1,cash_buffer,2,25,120,120,85695.06333333,84794.35333333,-900.71000000,-1057.40454167,-750.04187500,-1.05106405,-1.23608851,-0.87404850,97.03608097,-1.09341200,46.12763889,1.85833333,46.45833333,81.66666667
stationary,1,cash_buffer,4,25,120,120,85695.06333333,84863.57166667,-831.49166667,-979.48841667,-685.98087500,-0.97029121,-1.14354269,-0.79861095,97.10155147,-1.02794150,46.17930556,1.85833333,46.45833333,78.33333333
stationary,1,plan_anchored,0,25,120,120,85695.06333333,85667.83500000,-27.22833333,-62.60737500,11.97270833,-0.03177351,-0.07307317,0.01400871,98.14032033,0.01082736,49.69958333,1.85833333,46.45833333,61.66666667
stationary,1,plan_anchored,2,25,120,120,85695.06333333,85667.75333333,-27.31000000,-69.17425000,13.58500000,-0.03186881,-0.08058952,0.01586760,98.13630658,0.00681361,49.68388889,1.85833333,46.45833333,56.66666667
stationary,1,plan_anchored,4,25,120,120,85695.06333333,85691.95333333,-3.11000000,-41.58004167,36.71958333,-0.00362915,-0.04840620,0.04294416,98.15922095,0.02972798,49.65125000,1.85833333,46.45833333,46.66666667
stationary,1,service_buffer,0,25,120,120,85695.06333333,85608.14333333,-86.92000000,-133.37020833,-37.61962500,-0.10142941,-0.15554806,-0.04390345,98.26831674,0.13882378,54.41763889,1.85833333,46.45833333,64.16666667
stationary,1,service_buffer,2,25,120,120,85695.06333333,85660.08166667,-34.98166667,-74.75954167,12.26833333,-0.04082110,-0.08704216,0.01425601,98.28953260,0.16003963,54.18236111,1.85833333,46.45833333,60.83333333
stationary,1,service_buffer,4,25,120,120,85695.06333333,85708.43000000,13.36666667,-43.49712500,70.82400000,0.01559794,-0.05062877,0.08269523,98.34561353,0.21612056,53.93347222,1.85833333,46.45833333,53.33333333
stationary,1,trend_response,0,25,120,120,85695.06333333,85093.11333333,-601.95000000,-726.84404167,-476.51933333,-0.70243253,-0.84938051,-0.55590542,97.56188344,-0.56760953,51.18625000,1.85833333,46.45833333,77.50000000
stationary,1,trend_response,2,25,120,120,85695.06333333,85092.36166667,-602.70166667,-729.96850000,-481.29937500,-0.70330967,-0.85313364,-0.56259640,97.58035730,-0.54913567,50.91027778,1.85833333,46.45833333,78.33333333
stationary,1,trend_response,4,25,120,120,85695.06333333,85105.13000000,-589.93333333,-712.84420833,-470.36583333,-0.68840994,-0.83270872,-0.54810676,97.56677456,-0.56271841,50.86958333,1.85833333,46.45833333,76.66666667
stationary,4,cash_buffer,0,25,120,120,80863.53666667,80256.73833333,-606.79833333,-765.94504167,-458.75720833,-0.75039796,-0.94820921,-0.56523660,96.84072086,-0.85594846,93.08208333,1.85833333,46.45833333,66.66666667
stationary,4,cash_buffer,2,25,120,120,80863.53666667,80179.42500000,-684.11166667,-834.08333333,-538.99029167,-0.84600760,-1.03178563,-0.66615408,96.79272732,-0.90394199,93.36597222,1.85833333,46.45833333,70.00000000
stationary,4,cash_buffer,4,25,120,120,80863.53666667,80347.21166667,-516.32500000,-653.92108333,-371.42325000,-0.63851400,-0.80877649,-0.45840463,96.93362884,-0.76304047,92.93041667,1.85833333,46.45833333,63.33333333
stationary,4,plan_anchored,0,25,120,120,80863.53666667,80816.21666667,-47.32000000,-103.26783333,9.16412500,-0.05851834,-0.12792443,0.01132027,97.69195881,-0.00471050,98.10208333,1.85833333,46.45833333,55.00000000
stationary,4,plan_anchored,2,25,120,120,80863.53666667,80837.75000000,-25.78666667,-85.99808333,39.48629167,-0.03188912,-0.10632460,0.04903060,97.70598070,0.00931139,97.89930556,1.85833333,46.45833333,53.33333333
stationary,4,plan_anchored,4,25,120,120,80863.53666667,80941.13333333,77.59666667,7.84112500,150.43941667,0.09596002,0.00969582,0.18656639,97.80247145,0.10580214,97.33819444,1.85833333,46.45833333,44.16666667
stationary,4,service_buffer,0,25,120,120,80863.53666667,80699.68333333,-163.85333333,-227.11704167,-100.63479167,-0.20262944,-0.28166413,-0.12429084,97.84575945,0.14909014,104.49236111,1.85833333,46.45833333,70.83333333
stationary,4,service_buffer,2,25,120,120,80863.53666667,80827.17500000,-36.36166667,-100.32566667,34.98683333,-0.04496670,-0.12435977,0.04327481,97.91685366,0.22018435,103.74097222,1.85833333,46.45833333,61.66666667
stationary,4,service_buffer,4,25,120,120,80863.53666667,80871.85833333,8.32166667,-75.64587500,103.64429167,0.01029100,-0.09360946,0.12871333,97.96372291,0.26705359,103.17083333,1.85833333,46.45833333,60.83333333
stationary,4,trend_response,0,25,120,120,80863.53666667,79699.89333333,-1163.64333333,-1403.55612500,-929.75866667,-1.43902107,-1.73697705,-1.15011325,96.68223669,-1.01443263,104.32041667,1.85833333,46.45833333,79.16666667
stationary,4,trend_response,2,25,120,120,80863.53666667,79641.19000000,-1222.34666667,-1456.32212500,-1000.97037500,-1.51161663,-1.80367023,-1.23540746,96.67101912,-1.02565019,103.12402778,1.85833333,46.45833333,79.16666667
stationary,4,trend_response,4,25,120,120,80863.53666667,79854.54166667,-1008.99500000,-1220.66270833,-790.38708333,-1.24777501,-1.51177377,-0.97421334,96.79164908,-0.90502023,102.54166667,1.85833333,46.45833333,75.00000000
upshift,both,cash_buffer,0,25,120,240,107987.49916667,105336.45083333,-2651.04833333,-2901.07354167,-2421.29647917,-2.45495854,-2.68626641,-2.24047326,93.20142016,-2.32950648,77.61576389,2.51666667,62.91666667,97.08333333
upshift,both,cash_buffer,2,25,120,240,107987.49916667,104774.45416667,-3213.04500000,-3477.70970833,-2952.20889583,-2.97538606,-3.22023207,-2.73417304,92.75877929,-2.77214734,77.67291667,2.51666667,62.91666667,99.16666667
upshift,both,cash_buffer,4,25,120,240,107987.49916667,104575.49416667,-3412.00500000,-3705.99393750,-3128.63920833,-3.15962961,-3.43184380,-2.89631911,92.53489670,-2.99602994,76.73201389,2.51666667,62.91666667,98.33333333
upshift,both,plan_anchored,0,25,120,240,107987.49916667,104883.95333333,-3103.54583333,-3455.84108333,-2758.25527083,-2.87398621,-3.19879231,-2.55567809,92.81765178,-2.71327486,79.24500000,2.51666667,62.91666667,98.33333333
upshift,both,plan_anchored,2,25,120,240,107987.49916667,104453.08833333,-3534.41083333,-3892.76560417,-3205.77258333,-3.27298147,-3.60330868,-2.97250083,92.51718519,-3.01374145,79.01368056,2.51666667,62.91666667,99.16666667
upshift,both,plan_anchored,4,25,120,240,107987.49916667,104468.77083333,-3518.72833333,-3895.53995833,-3153.36647917,-3.25845895,-3.60844023,-2.92103820,92.42012716,-3.11079948,77.62847222,2.51666667,62.91666667,97.50000000
upshift,both,service_buffer,0,25,120,240,107987.49916667,108065.36666667,77.86750000,-8.27002083,164.21979167,0.07210788,-0.00771099,0.15203121,95.86757894,0.33665230,90.37013889,2.51666667,62.91666667,51.25000000
upshift,both,service_buffer,2,25,120,240,107987.49916667,108040.61583333,53.11666667,-52.45066667,162.50152083,0.04918779,-0.04837394,0.15032867,95.77074343,0.23981679,87.96305556,2.51666667,62.91666667,54.16666667
upshift,both,service_buffer,4,25,120,240,107987.49916667,107851.85583333,-135.64333333,-275.92218750,9.41654167,-0.12561022,-0.25503673,0.00870154,95.59567740,0.06475077,86.22909722,2.51666667,62.91666667,62.08333333
upshift,both,trend_response,0,25,120,240,107987.49916667,107276.18333333,-711.31583333,-934.76085417,-491.73495833,-0.65870202,-0.86907628,-0.45533707,95.20504024,-0.32588640,92.55659722,2.51666667,62.91666667,70.00000000
upshift,both,trend_response,2,25,120,240,107987.49916667,107190.02833333,-797.47083333,-1060.25577083,-566.87058333,-0.73848440,-0.97940278,-0.52395142,95.13896448,-0.39196216,89.68111111,2.51666667,62.91666667,74.16666667
upshift,both,trend_response,4,25,120,240,107987.49916667,106985.12250000,-1002.37666667,-1272.62266667,-759.59529167,-0.92823398,-1.17746388,-0.70216127,94.88540298,-0.64552366,88.57215278,2.51666667,62.91666667,79.58333333
upshift,1,cash_buffer,0,25,120,120,112048.05666667,109334.48666667,-2713.57000000,-2964.50916667,-2482.24441667,-2.42179122,-2.64697937,-2.21508099,93.99878463,-2.37380944,52.69152778,2.51666667,62.91666667,99.16666667
upshift,1,cash_buffer,2,25,120,120,112048.05666667,108841.69500000,-3206.36166667,-3487.60633333,-2934.50845833,-2.86159507,-3.11660292,-2.61560796,93.59470979,-2.77788428,52.36861111,2.51666667,62.91666667,99.16666667
upshift,1,cash_buffer,4,25,120,120,112048.05666667,108624.63500000,-3423.42166667,-3731.65095833,-3125.11529167,-3.05531552,-3.33636399,-2.78636364,93.37995883,-2.99263524,51.77388889,2.51666667,62.91666667,100.00000000
upshift,1,plan_anchored,0,25,120,120,112048.05666667,109463.13500000,-2584.92166667,-2894.76145833,-2295.07158333,-2.30697590,-2.57861146,-2.04890498,94.09960190,-2.27299217,53.43361111,2.51666667,62.91666667,97.50000000
upshift,1,plan_anchored,2,25,120,120,112048.05666667,109055.15833333,-2992.89833333,-3339.08183333,-2668.74320833,-2.67108455,-2.98087693,-2.38713475,93.77738424,-2.59520983,53.02986111,2.51666667,62.91666667,100.00000000
upshift,1,plan_anchored,4,25,120,120,112048.05666667,108945.57833333,-3102.47833333,-3439.87804167,-2786.69633333,-2.76888188,-3.06475970,-2.49041061,93.64926639,-2.72332768,52.32486111,2.51666667,62.91666667,99.16666667
upshift,1,service_buffer,0,25,120,120,112048.05666667,112254.03833333,205.98166667,124.55112500,288.84195833,0.18383332,0.11128985,0.25850536,96.77639131,0.40379725,64.94111111,2.51666667,62.91666667,38.33333333
upshift,1,service_buffer,2,25,120,120,112048.05666667,112176.91333333,128.85666667,42.42366667,221.65620833,0.11500125,0.03776061,0.19796932,96.66419620,0.29160213,63.53138889,2.51666667,62.91666667,50.00000000
upshift,1,service_buffer,4,25,120,120,112048.05666667,112048.95500000,0.89833333,-110.88550000,114.94929167,0.00080174,-0.09885979,0.10264260,96.54574201,0.17314794,62.30569444,2.51666667,62.91666667,57.50000000
upshift,1,trend_response,0,25,120,120,112048.05666667,111720.82000000,-327.23666667,-526.47166667,-140.31783333,-0.29205028,-0.46974719,-0.12481591,96.25119755,-0.12139651,63.15333333,2.51666667,62.91666667,53.33333333
upshift,1,trend_response,2,25,120,120,112048.05666667,111517.38333333,-530.67333333,-742.14570833,-343.47704167,-0.47361226,-0.66243303,-0.30708679,96.08864137,-0.28395270,61.85208333,2.51666667,62.91666667,68.33333333
upshift,1,trend_response,4,25,120,120,112048.05666667,111292.62833333,-755.42833333,-983.86425000,-542.67825000,-0.67420030,-0.87915750,-0.48225034,95.86075101,-0.51184305,61.01722222,2.51666667,62.91666667,78.33333333
upshift,4,cash_buffer,0,25,120,120,103926.94166667,101338.41500000,-2588.52666667,-2864.70454167,-2328.02133333,-2.49071764,-2.76073603,-2.23703219,92.40405569,-2.28520352,102.54000000,2.51666667,62.91666667,95.00000000
upshift,4,cash_buffer,2,25,120,120,103926.94166667,100707.21333333,-3219.72833333,-3497.04029167,-2961.66762500,-3.09806897,-3.36976910,-2.84745112,91.92284880,-2.76641041,102.97722222,2.51666667,62.91666667,99.16666667
upshift,4,cash_buffer,4,25,120,120,103926.94166667,100526.35333333,-3400.58833333,-3731.66141667,-3079.41333333,-3.27209507,-3.59726206,-2.96374244,91.68983457,-2.99942464,101.69013889,2.51666667,62.91666667,96.66666667
upshift,4,plan_anchored,0,25,120,120,103926.94166667,100304.77166667,-3622.17000000,-4055.47129167,-3209.32291667,-3.48530414,-3.90299202,-3.09271968,91.53570167,-3.15355754,105.05638889,2.51666667,62.91666667,99.16666667
upshift,4,plan_anchored,2,25,120,120,103926.94166667,99851.01833333,-4075.92333333,-4481.54829167,-3699.56166667,-3.92191213,-4.30763741,-3.55968735,91.25698614,-3.43227307,104.99750000,2.51666667,62.91666667,98.33333333
upshift,4,plan_anchored,4,25,120,120,103926.94166667,99991.96333333,-3934.97833333,-4404.91550000,-3466.03512500,-3.78629282,-4.23504607,-3.34176476,91.19098794,-3.49827127,102.93208333,2.51666667,62.91666667,95.83333333
upshift,4,service_buffer,0,25,120,120,103926.94166667,103876.69500000,-50.24666667,-156.64808333,62.90316667,-0.04834807,-0.15134451,0.06093094,94.95876656,0.26950735,115.79916667,2.51666667,62.91666667,64.16666667
upshift,4,service_buffer,2,25,120,120,103926.94166667,103904.31833333,-22.62333333,-165.21925000,129.80041667,-0.02176850,-0.15936311,0.12520044,94.87729066,0.18803145,112.39472222,2.51666667,62.91666667,58.33333333
upshift,4,service_buffer,4,25,120,120,103926.94166667,103654.75666667,-272.18500000,-455.08158333,-77.09687500,-0.26190033,-0.43784136,-0.07422550,94.64561280,-0.04364641,110.15250000,2.51666667,62.91666667,66.66666667
upshift,4,trend_response,0,25,120,120,103926.94166667,102831.54666667,-1095.39500000,-1380.07520833,-825.34875000,-1.05400484,-1.32973701,-0.79434578,94.15888293,-0.53037628,121.95986111,2.51666667,62.91666667,86.66666667
upshift,4,trend_response,2,25,120,120,103926.94166667,102862.67333333,-1064.26833333,-1380.74629167,-778.44762500,-1.02405432,-1.33084545,-0.74910950,94.18928759,-0.49997161,117.51013889,2.51666667,62.91666667,80.00000000
upshift,4,trend_response,4,25,120,120,103926.94166667,102677.61666667,-1249.32500000,-1579.55541667,-934.05312500,-1.20211851,-1.51859766,-0.89799438,93.91005494,-0.77920427,116.12708333,2.51666667,62.91666667,80.83333333
downshift,both,cash_buffer,0,25,120,240,61151.35500000,60797.76083333,-353.59416667,-439.66920833,-268.58062500,-0.57822785,-0.72077087,-0.43827222,97.62728753,-0.71195381,75.09763889,2.72500000,68.12500000,64.58333333
downshift,both,cash_buffer,2,25,120,240,61151.35500000,60738.58166667,-412.77333333,-496.22235417,-323.59750000,-0.67500276,-0.81015801,-0.52847377,97.63196173,-0.70727960,77.06777778,2.72500000,68.12500000,74.16666667
downshift,both,cash_buffer,4,25,120,240,61151.35500000,60779.69750000,-371.65750000,-459.54087500,-281.47418750,-0.60776658,-0.75225575,-0.46008000,97.74783499,-0.59140634,79.28777778,2.72500000,68.12500000,81.25000000
downshift,both,plan_anchored,0,25,120,240,61151.35500000,60584.57833333,-566.77666667,-674.68318750,-464.96854167,-0.92684237,-1.10460187,-0.76150682,98.51627855,0.17703721,97.47590278,2.72500000,68.12500000,92.50000000
downshift,both,plan_anchored,2,25,120,240,61151.35500000,60592.93250000,-558.42250000,-670.80204167,-463.73527083,-0.91318091,-1.09799115,-0.75788833,98.55914461,0.21990328,99.74326389,2.72500000,68.12500000,90.00000000
downshift,both,plan_anchored,4,25,120,240,61151.35500000,60517.45833333,-633.89666667,-743.87231250,-528.83745833,-1.03660281,-1.21784768,-0.86547782,98.59882336,0.25958203,102.15798611,2.72500000,68.12500000,92.50000000
downshift,both,service_buffer,0,25,120,240,61151.35500000,60861.76750000,-289.58750000,-320.72370833,-255.97681250,-0.47355860,-0.52478890,-0.41877459,98.48459737,0.14535604,92.72409722,2.72500000,68.12500000,92.91666667
downshift,both,service_buffer,2,25,120,240,61151.35500000,60844.56250000,-306.79250000,-342.08050000,-266.05914583,-0.50169371,-0.55901613,-0.43389378,98.55342852,0.21418718,96.02604167,2.72500000,68.12500000,89.58333333
downshift,both,service_buffer,4,25,120,240,61151.35500000,60808.79583333,-342.55916667,-394.78525000,-286.02316667,-0.56018246,-0.64609930,-0.46794294,98.63226676,0.29302542,99.44340278,2.72500000,68.12500000,85.00000000
downshift,both,trend_response,0,25,120,240,61151.35500000,60705.02500000,-446.33000000,-551.49045833,-344.45145833,-0.72987753,-0.90384761,-0.56326043,97.72963786,-0.60960347,79.18125000,2.72500000,68.12500000,72.08333333
downshift,both,trend_response,2,25,120,240,61151.35500000,60669.19666667,-482.15833333,-588.93360417,-380.37087500,-0.78846713,-0.96447890,-0.62118735,97.75165293,-0.58758841,80.26090278,2.72500000,68.12500000,72.08333333
downshift,both,trend_response,4,25,120,240,61151.35500000,60725.60000000,-425.75500000,-526.98379167,-330.85675000,-0.69623151,-0.85962531,-0.53982480,97.84318484,-0.49605650,81.82569444,2.72500000,68.12500000,78.33333333
downshift,1,cash_buffer,0,25,120,120,62943.45166667,62481.95333333,-461.49833333,-559.11520833,-365.87400000,-0.73319515,-0.88973133,-0.58077117,97.61092610,-0.83763581,45.13736111,2.72500000,68.12500000,72.50000000
downshift,1,cash_buffer,2,25,120,120,62943.45166667,62459.52166667,-483.93000000,-575.13062500,-387.52629167,-0.76883296,-0.91500825,-0.61517171,97.63672047,-0.81184144,46.42097222,2.72500000,68.12500000,78.33333333
downshift,1,cash_buffer,4,25,120,120,62943.45166667,62492.32000000,-451.13166667,-546.80733333,-358.05420833,-0.71672534,-0.86853028,-0.56918397,97.71966915,-0.72889276,47.70888889,2.72500000,68.12500000,85.00000000
downshift,1,plan_anchored,0,25,120,120,62943.45166667,62632.79500000,-310.65666667,-368.83770833,-253.86925000,-0.49354883,-0.58680507,-0.40301480,98.56622885,0.11766694,59.05194444,2.72500000,68.12500000,92.50000000
downshift,1,plan_anchored,2,25,120,120,62943.45166667,62667.60833333,-275.84333333,-346.98558333,-213.98141667,-0.43823992,-0.55074206,-0.33967093,98.61438450,0.16582259,60.19166667,2.72500000,68.12500000,85.83333333
downshift,1,plan_anchored,4,25,120,120,62943.45166667,62621.71166667,-321.74000000,-392.68029167,-253.93666667,-0.51115722,-0.62279072,-0.40340404,98.63221641,0.18365450,61.38527778,2.72500000,68.12500000,89.16666667
downshift,1,service_buffer,0,25,120,120,62943.45166667,62742.41666667,-201.03500000,-231.07141667,-167.31550000,-0.31938986,-0.36770027,-0.26554339,98.57900668,0.13044477,58.49305556,2.72500000,68.12500000,90.83333333
downshift,1,service_buffer,2,25,120,120,62943.45166667,62746.77166667,-196.68000000,-228.41825000,-160.01483333,-0.31247095,-0.36288716,-0.25419425,98.62464418,0.17608227,60.06680556,2.72500000,68.12500000,87.50000000
downshift,1,service_buffer,4,25,120,120,62943.45166667,62742.13500000,-201.31666667,-243.33466667,-157.85745833,-0.31983735,-0.38690999,-0.25089301,98.69156750,0.24300559,61.90583333,2.72500000,68.12500000,79.16666667
downshift,1,trend_response,0,25,120,120,62943.45166667,62649.66000000,-293.79166667,-374.34950000,-216.79945833,-0.46675493,-0.59498262,-0.34432650,98.03400991,-0.41455200,48.17736111,2.72500000,68.12500000,66.66666667
downshift,1,trend_response,2,25,120,120,62943.45166667,62609.07500000,-334.37666667,-416.00629167,-254.98629167,-0.53123344,-0.66077909,-0.40343550,98.03104708,-0.41751483,49.32500000,2.72500000,68.12500000,70.00000000
downshift,1,trend_response,4,25,120,120,62943.45166667,62604.36166667,-339.09000000,-416.61670833,-265.96037500,-0.53872165,-0.66351651,-0.42109724,98.04587302,-0.40268889,50.57347222,2.72500000,68.12500000,82.50000000
downshift,4,cash_buffer,0,25,120,120,59359.25833333,59113.56833333,-245.69000000,-338.02345833,-154.65333333,-0.41390342,-0.56934635,-0.26076822,97.64364895,-0.58627181,105.05791667,2.72500000,68.12500000,56.66666667
downshift,4,cash_buffer,2,25,120,120,59359.25833333,59017.64166667,-341.61666667,-435.48754167,-246.63625000,-0.57550697,-0.73391824,-0.41525712,97.62720300,-0.60271777,107.71458333,2.72500000,68.12500000,70.00000000
downshift,4,cash_buffer,4,25,120,120,59359.25833333,59067.07500000,-292.18333333,-390.68970833,-193.10475000,-0.49222875,-0.65739086,-0.32524271,97.77600084,-0.45391993,110.86666667,2.72500000,68.12500000,77.50000000
downshift,4,plan_anchored,0,25,120,120,59359.25833333,58536.36166667,-822.89666667,-983.62216667,-672.73670833,-1.38629877,-1.65876373,-1.13333289,98.46632825,0.23640748,135.89986111,2.72500000,68.12500000,92.50000000
downshift,4,plan_anchored,2,25,120,120,59359.25833333,58518.25666667,-841.00166667,-1002.88337500,-699.61466667,-1.41679949,-1.69348315,-1.17953404,98.50390473,0.27398397,139.29486111,2.72500000,68.12500000,94.16666667
downshift,4,plan_anchored,4,25,120,120,59359.25833333,58413.20500000,-946.05333333,-1108.61800000,-793.15566667,-1.59377553,-1.87098596,-1.33852056,98.56543031,0.33550955,142.93069444,2.72500000,68.12500000,95.83333333
downshift,4,service_buffer,0,25,120,120,59359.25833333,58981.11833333,-378.14000000,-421.58695833,-329.39583333,-0.63703626,-0.71119949,-0.55476084,98.39018807,0.16026730,126.95513889,2.72500000,68.12500000,95.00000000
downshift,4,service_buffer,2,25,120,120,59359.25833333,58942.35333333,-416.90500000,-466.08525000,-356.94125000,-0.70234200,-0.78556858,-0.60262448,98.48221286,0.25229210,131.98527778,2.72500000,68.12500000,91.66666667
downshift,4,service_buffer,4,25,120,120,59359.25833333,58875.45666667,-483.80166667,-554.09070833,-407.88812500,-0.81503995,-0.93337282,-0.68757147,98.57296601,0.34304525,136.98097222,2.72500000,68.12500000,90.83333333
downshift,4,trend_response,0,25,120,120,59359.25833333,58760.39000000,-598.86833333,-741.84325000,-460.99241667,-1.00888783,-1.25127586,-0.77620711,97.42526582,-0.80465494,110.18513889,2.72500000,68.12500000,77.50000000
downshift,4,trend_response,2,25,120,120,59359.25833333,58729.31833333,-629.94000000,-770.06762500,-502.28262500,-1.06123294,-1.30136541,-0.84471857,97.47225878,-0.75766198,111.19680556,2.72500000,68.12500000,74.16666667
downshift,4,trend_response,4,25,120,120,59359.25833333,58846.83833333,-512.42000000,-648.00495833,-379.24387500,-0.86325203,-1.09464097,-0.63823996,97.64049665,-0.58942411,113.07791667,2.72500000,68.12500000,74.16666667
pulse,both,cash_buffer,0,25,120,240,87030.66750000,85021.81416667,-2008.85333333,-2180.79291667,-1841.70483333,-2.30821317,-2.50784742,-2.11495515,92.87178490,-2.28647496,88.00166667,3.19166667,79.79166667,93.75000000
pulse,both,cash_buffer,2,25,120,240,87030.66750000,85022.18583333,-2008.48166667,-2228.36445833,-1802.34722917,-2.30778612,-2.56158873,-2.07022543,92.89547006,-2.26278980,87.86465278,3.19166667,79.79166667,90.41666667
pulse,both,cash_buffer,4,25,120,240,87030.66750000,85623.55583333,-1407.11166667,-1629.72233333,-1192.56762500,-1.61679981,-1.87398237,-1.37035872,93.46865736,-1.68960250,87.38743056,3.19166667,79.79166667,81.66666667
pulse,both,plan_anchored,0,25,120,240,87030.66750000,85849.84000000,-1180.82750000,-1337.54872917,-1035.96604167,-1.35679472,-1.53073819,-1.19161552,93.75037784,-1.40788202,87.22368056,3.19166667,79.79166667,87.50000000
pulse,both,plan_anchored,2,25,120,240,87030.66750000,86010.72166667,-1019.94583333,-1181.28935417,-861.86347917,-1.17193842,-1.35681237,-0.99463437,93.89777943,-1.26048043,86.54805556,3.19166667,79.79166667,79.58333333
pulse,both,plan_anchored,4,25,120,240,87030.66750000,86551.30000000,-479.36750000,-621.26145833,-352.29402083,-0.55080297,-0.71199671,-0.40595949,94.41285224,-0.74540762,85.26354167,3.19166667,79.79166667,61.25000000
pulse,both,service_buffer,0,25,120,240,87030.66750000,86912.40083333,-118.26666667,-183.11639583,-48.71179167,-0.13589080,-0.21096768,-0.05596330,95.52814363,0.36988377,113.85222222,3.19166667,79.79166667,57.08333333
pulse,both,service_buffer,2,25,120,240,87030.66750000,86749.15416667,-281.51333333,-363.53518750,-193.61152083,-0.32346452,-0.41690998,-0.22326578,95.39047705,0.23221719,115.76006944,3.19166667,79.79166667,72.08333333
pulse,both,service_buffer,4,25,120,240,87030.66750000,86626.54833333,-404.11916667,-509.56695833,-297.50679167,-0.46434111,-0.58601033,-0.34044000,95.33658824,0.17832838,118.21152778,3.19166667,79.79166667,75.41666667
pulse,both,trend_response,0,25,120,240,87030.66750000,86723.12083333,-307.54666667,-483.04925000,-143.46791667,-0.35337735,-0.55331485,-0.16492917,94.99013438,-0.16812548,101.14687500,3.19166667,79.79166667,57.50000000
pulse,both,trend_response,2,25,120,240,87030.66750000,86422.72333333,-607.94416667,-816.13664583,-418.73350000,-0.69854016,-0.93800366,-0.48009458,94.71671747,-0.44154239,101.44729167,3.19166667,79.79166667,69.58333333
pulse,both,trend_response,4,25,120,240,87030.66750000,86199.00833333,-831.65916667,-1058.90322917,-623.45791667,-0.95559323,-1.21767539,-0.71542562,94.50627118,-0.65198868,103.03263889,3.19166667,79.79166667,80.83333333
pulse,1,cash_buffer,0,25,120,120,90299.61000000,87927.52333333,-2372.08666667,-2556.68400000,-2201.77450000,-2.62690688,-2.82832142,-2.43641904,93.37838342,-2.60829229,55.48861111,3.19166667,79.79166667,99.16666667
pulse,1,cash_buffer,2,25,120,120,90299.61000000,87847.22333333,-2452.38666667,-2673.94308333,-2235.57637500,-2.71583307,-2.96458767,-2.47728956,93.31471132,-2.67196439,55.51847222,3.19166667,79.79166667,97.50000000
pulse,1,cash_buffer,4,25,120,120,90299.61000000,88499.11333333,-1800.49666667,-2050.18225000,-1574.78120833,-1.99391411,-2.27230548,-1.74238409,93.94817163,-2.03850408,55.00916667,3.19166667,79.79166667,90.83333333
pulse,1,plan_anchored,0,25,120,120,90299.61000000,88952.70000000,-1346.91000000,-1495.22091667,-1200.15529167,-1.49160113,-1.65081238,-1.33212139,94.48299481,-1.50368090,56.14444444,3.19166667,79.79166667,97.50000000
pulse,1,plan_anchored,2,25,120,120,90299.61000000,88985.95833333,-1313.65166667,-1477.27616667,-1156.53012500,-1.45477003,-1.63310055,-1.28351607,94.51276891,-1.47390680,55.95833333,3.19166667,79.79166667,91.66666667
pulse,1,plan_anchored,4,25,120,120,90299.61000000,89521.27333333,-778.33666667,-935.97095833,-638.85445833,-0.86194909,-1.03537550,-0.70808218,95.04189686,-0.94477885,55.50944444,3.19166667,79.79166667,75.83333333
pulse,1,service_buffer,0,25,120,120,90299.61000000,90408.47666667,108.86666667,42.61558333,180.83154167,0.12056161,0.04711193,0.19966842,96.47314431,0.48646860,75.43500000,3.19166667,79.79166667,37.50000000
pulse,1,service_buffer,2,25,120,120,90299.61000000,90161.33000000,-138.28000000,-219.33554167,-53.77779167,-0.15313466,-0.24275638,-0.05971206,96.23291058,0.24623487,76.51055556,3.19166667,79.79166667,65.00000000
pulse,1,service_buffer,4,25,120,120,90299.61000000,89997.83500000,-301.77500000,-405.99729167,-200.62933333,-0.33419303,-0.44966644,-0.22169239,96.10902596,0.12235025,77.91486111,3.19166667,79.79166667,75.00000000
pulse,1,trend_response,0,25,120,120,90299.61000000,90327.34500000,27.73500000,-139.38954167,182.27495833,0.03071442,-0.15434820,0.20275967,96.08602291,0.09934720,64.14013889,3.19166667,79.79166667,44.16666667
pulse,1,trend_response,2,25,120,120,90299.61000000,89918.95166667,-380.65833333,-567.30383333,-208.31866667,-0.42155036,-0.62797986,-0.23099279,95.69216277,-0.29451294,64.79541667,3.19166667,79.79166667,63.33333333
pulse,1,trend_response,4,25,120,120,90299.61000000,89635.95833333,-663.65166667,-870.47945833,-477.63808333,-0.73494411,-0.96732383,-0.53130462,95.42782926,-0.55884645,66.11111111,3.19166667,79.79166667,78.33333333
pulse,4,cash_buffer,0,25,120,120,83761.72500000,82116.10500000,-1645.62000000,-1845.58029167,-1443.77279167,-1.96464435,-2.20556829,-1.72378033,92.36518638,-1.96465763,120.51472222,3.19166667,79.79166667,88.33333333
pulse,4,cash_buffer,2,25,120,120,83761.72500000,82197.14833333,-1564.57666667,-1798.58200000,-1341.05458333,-1.86788974,-2.15013160,-1.59890392,92.47622880,-1.85361521,120.21083333,3.19166667,79.79166667,83.33333333
pulse,4,cash_buffer,4,25,120,120,83761.72500000,82747.99833333,-1013.72666667,-1247.45025000,-788.39741667,-1.21025047,-1.49314087,-0.94045417,92.98914310,-1.34070091,119.76569444,3.19166667,79.79166667,72.50000000
pulse,4,plan_anchored,0,25,120,120,83761.72500000,82746.98000000,-1014.74500000,-1195.48812500,-837.60633333,-1.21146622,-1.42535867,-1.00216869,93.01776088,-1.31208313,118.30291667,3.19166667,79.79166667,77.50000000
pulse,4,plan_anchored,2,25,120,120,83761.72500000,83035.48500000,-726.24000000,-923.39845833,-546.30525000,-0.86703085,-1.09945925,-0.65085578,93.28278995,-1.04705406,117.13777778,3.19166667,79.79166667,67.50000000
pulse,4,plan_anchored,4,25,120,120,83761.72500000,83581.32666667,-180.39833333,-331.20825000,-37.12820833,-0.21537084,-0.39491043,-0.04453445,93.78380763,-0.54603638,115.01763889,3.19166667,79.79166667,46.66666667
pulse,4,service_buffer,0,25,120,120,83761.72500000,83416.32500000,-345.40000000,-434.86829167,-245.69908333,-0.41236018,-0.51864276,-0.29342073,94.58314296,0.25329895,152.26944444,3.19166667,79.79166667,76.66666667
pulse,4,service_buffer,2,25,120,120,83761.72500000,83336.97833333,-424.74666667,-526.66325000,-317.77179167,-0.50708921,-0.62868991,-0.38004590,94.54804352,0.21819951,155.00958333,3.19166667,79.79166667,79.16666667
pulse,4,service_buffer,4,25,120,120,83761.72500000,83255.26166667,-506.46333333,-640.18770833,-375.36187500,-0.60464769,-0.76516151,-0.44786652,94.56415053,0.23430652,158.50819444,3.19166667,79.79166667,75.83333333
pulse,4,trend_response,0,25,120,120,83761.72500000,83118.89666667,-642.82833333,-864.97387500,-421.40350000,-0.76744878,-1.03229568,-0.50266486,93.89424586,-0.43559816,138.15361111,3.19166667,79.79166667,70.83333333
pulse,4,trend_response,2,25,120,120,83761.72500000,82926.49500000,-835.23000000,-1078.53945833,-603.08262500,-0.99714995,-1.28720787,-0.72093019,93.74127217,-0.58857184,138.09916667,3.19166667,79.79166667,75.83333333
pulse,4,trend_response,4,25,120,120,83761.72500000,82762.05833333,-999.66666667,-1263.20637500,-745.80650000,-1.19346476,-1.51015294,-0.88736189,93.58471310,-0.74513091,139.95416667,3.19166667,79.79166667,83.33333333
all_equal_weight,both,cash_buffer,0,25,120,960,84862.20541667,83420.17604167,-1442.02937500,-1581.94737500,-1314.57869792,-1.69925984,-1.86084890,-1.54789685,95.15751862,-1.57785862,77.57578125,2.57291667,64.32291667,82.08333333
all_equal_weight,both,cash_buffer,2,25,120,960,84862.20541667,83255.52770833,-1606.67770833,-1751.80149479,-1465.24954167,-1.89327829,-2.06598174,-1.72633282,95.05015381,-1.68522344,78.08803819,2.57291667,64.32291667,84.89583333
all_equal_weight,both,cash_buffer,4,25,120,960,84862.20541667,83396.03479167,-1466.17062500,-1619.86326562,-1314.71075521,-1.72770743,-1.91107457,-1.54786389,95.19224480,-1.54313244,78.24052083,2.57291667,64.32291667,83.02083333
all_equal_weight,both,plan_anchored,0,25,120,960,84862.20541667,83640.09937500,-1222.10604167,-1331.29611458,-1118.78643750,-1.44010639,-1.56872505,-1.31822606,95.75011194,-0.98526531,84.46135417,2.57291667,64.32291667,84.16666667
all_equal_weight,both,plan_anchored,2,25,120,960,84862.20541667,83577.37354167,-1284.83187500,-1396.19967708,-1176.52478646,-1.51402131,-1.64230998,-1.38784760,95.72381322,-1.01156403,84.77414931,2.57291667,64.32291667,80.93750000
all_equal_weight,both,plan_anchored,4,25,120,960,84862.20541667,83713.51812500,-1148.68729167,-1270.24284896,-1039.47364583,-1.35359114,-1.49575856,-1.22361986,95.85316224,-0.88221500,84.63618056,2.57291667,64.32291667,74.16666667
all_equal_weight,both,service_buffer,0,25,120,960,84862.20541667,84748.36208333,-113.84333333,-159.85284896,-67.25944271,-0.13415081,-0.18798633,-0.07930219,96.98433951,0.24896227,94.10036458,2.57291667,64.32291667,67.18750000
all_equal_weight,both,service_buffer,2,25,120,960,84862.20541667,84719.49020833,-142.71520833,-196.47306771,-84.33410417,-0.16817287,-0.23153629,-0.09940801,96.95446053,0.21908329,94.67770833,2.57291667,64.32291667,69.27083333
all_equal_weight,both,service_buffer,4,25,120,960,84862.20541667,84644.33604167,-217.86937500,-290.13271354,-137.85118750,-0.25673311,-0.34194578,-0.16181860,96.92980016,0.19442291,95.60904514,2.57291667,64.32291667,69.89583333
all_equal_weight,both,trend_response,0,25,120,960,84862.20541667,84275.20812500,-586.99729167,-740.66245312,-440.07638021,-0.69170638,-0.87299548,-0.51786954,96.26171814,-0.47365911,87.65951389,2.57291667,64.32291667,69.47916667
all_equal_weight,both,trend_response,2,25,120,960,84862.20541667,84162.18104167,-700.02437500,-868.08693750,-547.90068750,-0.82489534,-1.02495951,-0.64570790,96.18325577,-0.55212147,87.10161458,2.57291667,64.32291667,73.64583333
all_equal_weight,both,trend_response,4,25,120,960,84862.20541667,84097.39166667,-764.81375000,-934.08603646,-601.89769271,-0.90124190,-1.10258258,-0.70882822,96.10351770,-0.63185954,87.53402778,2.57291667,64.32291667,78.64583333
all_equal_weight,1,cash_buffer,0,25,120,480,87746.54541667,86134.14541667,-1612.40000000,-1756.72191667,-1474.84885417,-1.83756522,-2.00479140,-1.68072712,95.50163427,-1.73269689,49.85288194,2.57291667,64.32291667,87.50000000
all_equal_weight,1,cash_buffer,2,25,120,480,87746.54541667,85985.69833333,-1760.84708333,-1917.38011458,-1608.96429167,-2.00674235,-2.19195995,-1.83657939,95.39555564,-1.83877553,50.10892361,2.57291667,64.32291667,89.16666667
all_equal_weight,1,cash_buffer,4,25,120,480,87746.54541667,86119.91000000,-1626.63541667,-1789.65350000,-1467.92912500,-1.85378856,-2.04144301,-1.67218529,95.53733777,-1.69699339,50.16781250,2.57291667,64.32291667,88.54166667
all_equal_weight,1,plan_anchored,0,25,120,480,87746.54541667,86679.11625000,-1067.42916667,-1164.85023958,-972.03011458,-1.21649139,-1.32449873,-1.10874941,96.32228647,-0.91204469,54.58239583,2.57291667,64.32291667,87.29166667
all_equal_weight,1,plan_anchored,2,25,120,480,87746.54541667,86594.11958333,-1152.42583333,-1265.18985417,-1043.53956250,-1.31335750,-1.43938607,-1.19249069,96.26021106,-0.97412011,54.71593750,2.57291667,64.32291667,83.54166667
all_equal_weight,1,plan_anchored,4,25,120,480,87746.54541667,86695.12916667,-1051.41625000,-1164.67351042,-948.12240625,-1.19824233,-1.32531391,-1.08265915,96.37065015,-0.86368101,54.71770833,2.57291667,64.32291667,77.70833333
all_equal_weight,1,service_buffer,0,25,120,480,87746.54541667,87753.26875000,6.72333333,-36.70940625,50.91963542,0.00766222,-0.04192834,0.05784194,97.52421476,0.28988360,63.32170139,2.57291667,64.32291667,57.70833333
all_equal_weight,1,service_buffer,2,25,120,480,87746.54541667,87686.27416667,-60.27125000,-109.34109375,-6.56737500,-0.06868789,-0.12475007,-0.00746782,97.45282089,0.21848972,63.57277778,2.57291667,64.32291667,65.83333333
all_equal_weight,1,service_buffer,4,25,120,480,87746.54541667,87624.33875000,-122.20666667,-181.18648958,-58.07980208,-0.13927234,-0.20673190,-0.06634317,97.42298725,0.18865609,64.01496528,2.57291667,64.32291667,66.25000000
all_equal_weight,1,trend_response,0,25,120,480,87746.54541667,87447.73458333,-298.81083333,-423.73285417,-178.51497917,-0.34053857,-0.48293655,-0.20363783,96.98327845,-0.25105271,56.66427083,2.57291667,64.32291667,60.41666667
all_equal_weight,1,trend_response,2,25,120,480,87746.54541667,87284.44291667,-462.10250000,-600.41194792,-337.92206250,-0.52663327,-0.68462367,-0.38526441,96.84805213,-0.38627904,56.72069444,2.57291667,64.32291667,70.00000000
all_equal_weight,1,trend_response,4,25,120,480,87746.54541667,87159.51958333,-587.02583333,-730.02229167,-453.55718750,-0.66900165,-0.83238458,-0.51731329,96.72530696,-0.50902420,57.14284722,2.57291667,64.32291667,78.95833333
all_equal_weight,4,cash_buffer,0,25,120,480,81977.86541667,80706.20666667,-1271.65875000,-1418.94907292,-1129.57481250,-1.55122208,-1.72950557,-1.37877533,94.81340297,-1.42302036,105.29868056,2.57291667,64.32291667,76.66666667
all_equal_weight,4,cash_buffer,2,25,120,480,81977.86541667,80525.35708333,-1452.50833333,-1607.08409375,-1309.90102083,-1.77182990,-1.96019311,-1.59558284,94.70475198,-1.53167134,106.06715278,2.57291667,64.32291667,80.62500000
all_equal_weight,4,cash_buffer,4,25,120,480,81977.86541667,80672.15958333,-1305.70583333,-1468.06889583,-1144.52467708,-1.59275413,-1.79001090,-1.39739664,94.84715184,-1.38927149,106.31322917,2.57291667,64.32291667,77.50000000
all_equal_weight,4,plan_anchored,0,25,120,480,81977.86541667,80601.08250000,-1376.78291667,-1514.14610417,-1248.89746875,-1.67945690,-1.84595783,-1.52283502,95.17793740,-1.05848592,114.34031250,2.57291667,64.32291667,81.04166667
all_equal_weight,4,plan_anchored,2,25,120,480,81977.86541667,80560.62750000,-1417.23791667,-1546.13177083,-1294.66285417,-1.72880559,-1.88519474,-1.58310557,95.18741538,-1.04900794,114.83236111,2.57291667,64.32291667,78.33333333
all_equal_weight,4,plan_anchored,4,25,120,480,81977.86541667,80731.90708333,-1245.95833333,-1391.59728125,-1109.21039583,-1.51987165,-1.69714434,-1.35295347,95.33567433,-0.90074899,114.55465278,2.57291667,64.32291667,70.62500000
all_equal_weight,4,service_buffer,0,25,120,480,81977.86541667,81743.45541667,-234.41000000,-291.55059375,-175.26943750,-0.28594304,-0.35538489,-0.21492695,96.44446426,0.20804093,124.87902778,2.57291667,64.32291667,76.66666667
all_equal_weight,4,service_buffer,2,25,120,480,81977.86541667,81752.70625000,-225.15916667,-293.22971875,-151.05641667,-0.27465849,-0.35718798,-0.18472267,96.45610017,0.21967685,125.78263889,2.57291667,64.32291667,72.70833333
all_equal_weight,4,service_buffer,4,25,120,480,81977.86541667,81664.33333333,-313.53208333,-408.66789583,-214.97295833,-0.38245944,-0.49797656,-0.26179196,96.43661306,0.20018974,127.20312500,2.57291667,64.32291667,73.54166667
all_equal_weight,4,trend_response,0,25,120,480,81977.86541667,81102.68166667,-875.18375000,-1076.90380208,-679.79693750,-1.06758543,-1.31606912,-0.82931441,95.54015782,-0.69626550,118.65475694,2.57291667,64.32291667,78.54166667
all_equal_weight,4,trend_response,2,25,120,480,81977.86541667,81039.91916667,-937.94625000,-1153.27275000,-744.78152083,-1.14414573,-1.40399875,-0.90754447,95.51845941,-0.71796391,117.48253472,2.57291667,64.32291667,77.29166667
all_equal_weight,4,trend_response,4,25,120,480,81977.86541667,81035.26375000,-942.60166667,-1155.67692708,-740.68007292,-1.14982460,-1.40952497,-0.90305437,95.48172844,-0.75469488,117.92520833,2.57291667,64.32291667,78.33333333
