regime,lead,profile,review_delay,review_fee,mean_delta_surplus,mean_surplus,mean_baseline,fill_pct,mean_reviews,relative_mean_change_pct
downshift,1,cash_buffer,0,0,-393.37333333,62550.07833333,62943.45166667,97.61092610,2.72500000,-0.62496308
downshift,1,cash_buffer,0,25,-461.49833333,62481.95333333,62943.45166667,97.61092610,2.72500000,-0.73319515
downshift,1,cash_buffer,0,100,-665.87333333,62277.57833333,62943.45166667,97.61092610,2.72500000,-1.05789135
downshift,1,cash_buffer,2,0,-415.80500000,62527.64666667,62943.45166667,97.63672047,2.72500000,-0.66060089
downshift,1,cash_buffer,2,25,-483.93000000,62459.52166667,62943.45166667,97.63672047,2.72500000,-0.76883296
downshift,1,cash_buffer,2,100,-688.30500000,62255.14666667,62943.45166667,97.63672047,2.72500000,-1.09352916
downshift,1,cash_buffer,4,0,-383.00666667,62560.44500000,62943.45166667,97.71966915,2.72500000,-0.60849327
downshift,1,cash_buffer,4,25,-451.13166667,62492.32000000,62943.45166667,97.71966915,2.72500000,-0.71672534
downshift,1,cash_buffer,4,100,-655.50666667,62287.94500000,62943.45166667,97.71966915,2.72500000,-1.04142154
downshift,1,plan_anchored,0,0,-242.53166667,62700.92000000,62943.45166667,98.56622885,2.72500000,-0.38531676
downshift,1,plan_anchored,0,25,-310.65666667,62632.79500000,62943.45166667,98.56622885,2.72500000,-0.49354883
downshift,1,plan_anchored,0,100,-515.03166667,62428.42000000,62943.45166667,98.56622885,2.72500000,-0.81824503
downshift,1,plan_anchored,2,0,-207.71833333,62735.73333333,62943.45166667,98.61438450,2.72500000,-0.33000785
downshift,1,plan_anchored,2,25,-275.84333333,62667.60833333,62943.45166667,98.61438450,2.72500000,-0.43823992
downshift,1,plan_anchored,2,100,-480.21833333,62463.23333333,62943.45166667,98.61438450,2.72500000,-0.76293613
downshift,1,plan_anchored,4,0,-253.61500000,62689.83666667,62943.45166667,98.63221641,2.72500000,-0.40292515
downshift,1,plan_anchored,4,25,-321.74000000,62621.71166667,62943.45166667,98.63221641,2.72500000,-0.51115722
downshift,1,plan_anchored,4,100,-526.11500000,62417.33666667,62943.45166667,98.63221641,2.72500000,-0.83585343
downshift,1,service_buffer,0,0,-132.91000000,62810.54166667,62943.45166667,98.57900668,2.72500000,-0.21115779
downshift,1,service_buffer,0,25,-201.03500000,62742.41666667,62943.45166667,98.57900668,2.72500000,-0.31938986
downshift,1,service_buffer,0,100,-405.41000000,62538.04166667,62943.45166667,98.57900668,2.72500000,-0.64408606
downshift,1,service_buffer,2,0,-128.55500000,62814.89666667,62943.45166667,98.62464418,2.72500000,-0.20423888
downshift,1,service_buffer,2,25,-196.68000000,62746.77166667,62943.45166667,98.62464418,2.72500000,-0.31247095
downshift,1,service_buffer,2,100,-401.05500000,62542.39666667,62943.45166667,98.62464418,2.72500000,-0.63716715
downshift,1,service_buffer,4,0,-133.19166667,62810.26000000,62943.45166667,98.69156750,2.72500000,-0.21160528
downshift,1,service_buffer,4,25,-201.31666667,62742.13500000,62943.45166667,98.69156750,2.72500000,-0.31983735
downshift,1,service_buffer,4,100,-405.69166667,62537.76000000,62943.45166667,98.69156750,2.72500000,-0.64453355
downshift,1,trend_response,0,0,-225.66666667,62717.78500000,62943.45166667,98.03400991,2.72500000,-0.35852287
downshift,1,trend_response,0,25,-293.79166667,62649.66000000,62943.45166667,98.03400991,2.72500000,-0.46675493
downshift,1,trend_response,0,100,-498.16666667,62445.28500000,62943.45166667,98.03400991,2.72500000,-0.79145114
downshift,1,trend_response,2,0,-266.25166667,62677.20000000,62943.45166667,98.03104708,2.72500000,-0.42300138
downshift,1,trend_response,2,25,-334.37666667,62609.07500000,62943.45166667,98.03104708,2.72500000,-0.53123344
downshift,1,trend_response,2,100,-538.75166667,62404.70000000,62943.45166667,98.03104708,2.72500000,-0.85592965
downshift,1,trend_response,4,0,-270.96500000,62672.48666667,62943.45166667,98.04587302,2.72500000,-0.43048958
downshift,1,trend_response,4,25,-339.09000000,62604.36166667,62943.45166667,98.04587302,2.72500000,-0.53872165
downshift,1,trend_response,4,100,-543.46500000,62399.98666667,62943.45166667,98.04587302,2.72500000,-0.86341785
downshift,4,cash_buffer,0,0,-177.56500000,59181.69333333,59359.25833333,97.64364895,2.72500000,-0.29913615
downshift,4,cash_buffer,0,25,-245.69000000,59113.56833333,59359.25833333,97.64364895,2.72500000,-0.41390342
downshift,4,cash_buffer,0,100,-450.06500000,58909.19333333,59359.25833333,97.64364895,2.72500000,-0.75820523
downshift,4,cash_buffer,2,0,-273.49166667,59085.76666667,59359.25833333,97.62720300,2.72500000,-0.46073970
downshift,4,cash_buffer,2,25,-341.61666667,59017.64166667,59359.25833333,97.62720300,2.72500000,-0.57550697
downshift,4,cash_buffer,2,100,-545.99166667,58813.26666667,59359.25833333,97.62720300,2.72500000,-0.91980877
downshift,4,cash_buffer,4,0,-224.05833333,59135.20000000,59359.25833333,97.77600084,2.72500000,-0.37746148
downshift,4,cash_buffer,4,25,-292.18333333,59067.07500000,59359.25833333,97.77600084,2.72500000,-0.49222875
downshift,4,cash_buffer,4,100,-496.55833333,58862.70000000,59359.25833333,97.77600084,2.72500000,-0.83653056
downshift,4,plan_anchored,0,0,-754.77166667,58604.48666667,59359.25833333,98.46632825,2.72500000,-1.27153150
downshift,4,plan_anchored,0,25,-822.89666667,58536.36166667,59359.25833333,98.46632825,2.72500000,-1.38629877
downshift,4,plan_anchored,0,100,-1027.27166667,58331.98666667,59359.25833333,98.46632825,2.72500000,-1.73060058
downshift,4,plan_anchored,2,0,-772.87666667,58586.38166667,59359.25833333,98.50390473,2.72500000,-1.30203222
downshift,4,plan_anchored,2,25,-841.00166667,58518.25666667,59359.25833333,98.50390473,2.72500000,-1.41679949
downshift,4,plan_anchored,2,100,-1045.37666667,58313.88166667,59359.25833333,98.50390473,2.72500000,-1.76110129
downshift,4,plan_anchored,4,0,-877.92833333,58481.33000000,59359.25833333,98.56543031,2.72500000,-1.47900826
downshift,4,plan_anchored,4,25,-946.05333333,58413.20500000,59359.25833333,98.56543031,2.72500000,-1.59377553
downshift,4,plan_anchored,4,100,-1150.42833333,58208.83000000,59359.25833333,98.56543031,2.72500000,-1.93807734
downshift,4,service_buffer,0,0,-310.01500000,59049.24333333,59359.25833333,98.39018807,2.72500000,-0.52226899
downshift,4,service_buffer,0,25,-378.14000000,58981.11833333,59359.25833333,98.39018807,2.72500000,-0.63703626
downshift,4,service_buffer,0,100,-582.51500000,58776.74333333,59359.25833333,98.39018807,2.72500000,-0.98133807
downshift,4,service_buffer,2,0,-348.78000000,59010.47833333,59359.25833333,98.48221286,2.72500000,-0.58757473
downshift,4,service_buffer,2,25,-416.90500000,58942.35333333,59359.25833333,98.48221286,2.72500000,-0.70234200
downshift,4,service_buffer,2,100,-621.28000000,58737.97833333,59359.25833333,98.48221286,2.72500000,-1.04664380
downshift,4,service_buffer,4,0,-415.67666667,58943.58166667,59359.25833333,98.57296601,2.72500000,-0.70027268
downshift,4,service_buffer,4,25,-483.80166667,58875.45666667,59359.25833333,98.57296601,2.72500000,-0.81503995
downshift,4,service_buffer,4,100,-688.17666667,58671.08166667,59359.25833333,98.57296601,2.72500000,-1.15934175
downshift,4,trend_response,0,0,-530.74333333,58828.51500000,59359.25833333,97.42526582,2.72500000,-0.89412056
downshift,4,trend_response,0,25,-598.86833333,58760.39000000,59359.25833333,97.42526582,2.72500000,-1.00888783
downshift,4,trend_response,0,100,-803.24333333,58556.01500000,59359.25833333,97.42526582,2.72500000,-1.35318964
downshift,4,trend_response,2,0,-561.81500000,58797.44333333,59359.25833333,97.47225878,2.72500000,-0.94646567
downshift,4,trend_response,2,25,-629.94000000,58729.31833333,59359.25833333,97.47225878,2.72500000,-1.06123294
downshift,4,trend_response,2,100,-834.31500000,58524.94333333,59359.25833333,97.47225878,2.72500000,-1.40553474
downshift,4,trend_response,4,0,-444.29500000,58914.96333333,59359.25833333,97.64049665,2.72500000,-0.74848476
downshift,4,trend_response,4,25,-512.42000000,58846.83833333,59359.25833333,97.64049665,2.72500000,-0.86325203
downshift,4,trend_response,4,100,-716.79500000,58642.46333333,59359.25833333,97.64049665,2.72500000,-1.20755383
pulse,1,cash_buffer,0,0,-2292.29500000,88007.31500000,90299.61000000,93.37838342,3.19166667,-2.53854363
pulse,1,cash_buffer,0,25,-2372.08666667,87927.52333333,90299.61000000,93.37838342,3.19166667,-2.62690688
pulse,1,cash_buffer,0,100,-2611.46166667,87688.14833333,90299.61000000,93.37838342,3.19166667,-2.89199662
pulse,1,cash_buffer,2,0,-2372.59500000,87927.01500000,90299.61000000,93.31471132,3.19166667,-2.62746982
pulse,1,cash_buffer,2,25,-2452.38666667,87847.22333333,90299.61000000,93.31471132,3.19166667,-2.71583307
pulse,1,cash_buffer,2,100,-2691.76166667,87607.84833333,90299.61000000,93.31471132,3.19166667,-2.98092280
pulse,1,cash_buffer,4,0,-1720.70500000,88578.90500000,90299.61000000,93.94817163,3.19166667,-1.90555087
pulse,1,cash_buffer,4,25,-1800.49666667,88499.11333333,90299.61000000,93.94817163,3.19166667,-1.99391411
pulse,1,cash_buffer,4,100,-2039.87166667,88259.73833333,90299.61000000,93.94817163,3.19166667,-2.25900385
pulse,1,plan_anchored,0,0,-1267.11833333,89032.49166667,90299.61000000,94.48299481,3.19166667,-1.40323788
pulse,1,plan_anchored,0,25,-1346.91000000,88952.70000000,90299.61000000,94.48299481,3.19166667,-1.49160113
pulse,1,plan_anchored,0,100,-1586.28500000,88713.32500000,90299.61000000,94.48299481,3.19166667,-1.75669086
pulse,1,plan_anchored,2,0,-1233.86000000,89065.75000000,90299.61000000,94.51276891,3.19166667,-1.36640679
pulse,1,plan_anchored,2,25,-1313.65166667,88985.95833333,90299.61000000,94.51276891,3.19166667,-1.45477003
pulse,1,plan_anchored,2,100,-1553.02666667,88746.58333333,90299.61000000,94.51276891,3.19166667,-1.71985977
pulse,1,plan_anchored,4,0,-698.54500000,89601.06500000,90299.61000000,95.04189686,3.19166667,-0.77358584
pulse,1,plan_anchored,4,25,-778.33666667,89521.27333333,90299.61000000,95.04189686,3.19166667,-0.86194909
pulse,1,plan_anchored,4,100,-1017.71166667,89281.89833333,90299.61000000,95.04189686,3.19166667,-1.12703883
pulse,1,service_buffer,0,0,188.65833333,90488.26833333,90299.61000000,96.47314431,3.19166667,0.20892486
pulse,1,service_buffer,0,25,108.86666667,90408.47666667,90299.61000000,96.47314431,3.19166667,0.12056161
pulse,1,service_buffer,0,100,-130.50833333,90169.10166667,90299.61000000,96.47314431,3.19166667,-0.14452813
pulse,1,service_buffer,2,0,-58.48833333,90241.12166667,90299.61000000,96.23291058,3.19166667,-0.06477141
pulse,1,service_buffer,2,25,-138.28000000,90161.33000000,90299.61000000,96.23291058,3.19166667,-0.15313466
pulse,1,service_buffer,2,100,-377.65500000,89921.95500000,90299.61000000,96.23291058,3.19166667,-0.41822440
pulse,1,service_buffer,4,0,-221.98333333,90077.62666667,90299.61000000,96.10902596,3.19166667,-0.24582978
pulse,1,service_buffer,4,25,-301.77500000,89997.83500000,90299.61000000,96.10902596,3.19166667,-0.33419303
pulse,1,service_buffer,4,100,-541.15000000,89758.46000000,90299.61000000,96.10902596,3.19166667,-0.59928277
pulse,1,trend_response,0,0,107.52666667,90407.13666667,90299.61000000,96.08602291,3.19166667,0.11907766
pulse,1,trend_response,0,25,27.73500000,90327.34500000,90299.61000000,96.08602291,3.19166667,0.03071442
pulse,1,trend_response,0,100,-211.64000000,90087.97000000,90299.61000000,96.08602291,3.19166667,-0.23437532
pulse,1,trend_response,2,0,-300.86666667,89998.74333333,90299.61000000,95.69216277,3.19166667,-0.33318712
pulse,1,trend_response,2,25,-380.65833333,89918.95166667,90299.61000000,95.69216277,3.19166667,-0.42155036
pulse,1,trend_response,2,100,-620.03333333,89679.57666667,90299.61000000,95.69216277,3.19166667,-0.68664010
pulse,1,trend_response,4,0,-583.86000000,89715.75000000,90299.61000000,95.42782926,3.19166667,-0.64658087
pulse,1,trend_response,4,25,-663.65166667,89635.95833333,90299.61000000,95.42782926,3.19166667,-0.73494411
pulse,1,trend_response,4,100,-903.02666667,89396.58333333,90299.61000000,95.42782926,3.19166667,-1.00003385
pulse,4,cash_buffer,0,0,-1565.82833333,82195.89666667,83761.72500000,92.36518638,3.19166667,-1.86938406
pulse,4,cash_buffer,0,25,-1645.62000000,82116.10500000,83761.72500000,92.36518638,3.19166667,-1.96464435
pulse,4,cash_buffer,0,100,-1884.99500000,81876.73000000,83761.72500000,92.36518638,3.19166667,-2.25042524
pulse,4,cash_buffer,2,0,-1484.78500000,82276.94000000,83761.72500000,92.47622880,3.19166667,-1.77262944
pulse,4,cash_buffer,2,25,-1564.57666667,82197.14833333,83761.72500000,92.47622880,3.19166667,-1.86788974
pulse,4,cash_buffer,2,100,-1803.95166667,81957.77333333,83761.72500000,92.47622880,3.19166667,-2.15367063
pulse,4,cash_buffer,4,0,-933.93500000,82827.79000000,83761.72500000,92.98914310,3.19166667,-1.11499017
pulse,4,cash_buffer,4,25,-1013.72666667,82747.99833333,83761.72500000,92.98914310,3.19166667,-1.21025047
pulse,4,cash_buffer,4,100,-1253.10166667,82508.62333333,83761.72500000,92.98914310,3.19166667,-1.49603135
pulse,4,plan_anchored,0,0,-934.95333333,82826.77166667,83761.72500000,93.01776088,3.19166667,-1.11620592
pulse,4,plan_anchored,0,25,-1014.74500000,82746.98000000,83761.72500000,93.01776088,3.19166667,-1.21146622
pulse,4,plan_anchored,0,100,-1254.12000000,82507.60500000,83761.72500000,93.01776088,3.19166667,-1.49724710
pulse,4,plan_anchored,2,0,-646.44833333,83115.27666667,83761.72500000,93.28278995,3.19166667,-0.77177056
pulse,4,plan_anchored,2,25,-726.24000000,83035.48500000,83761.72500000,93.28278995,3.19166667,-0.86703085
pulse,4,plan_anchored,2,100,-965.61500000,82796.11000000,83761.72500000,93.28278995,3.19166667,-1.15281174
pulse,4,plan_anchored,4,0,-100.60666667,83661.11833333,83761.72500000,93.78380763,3.19166667,-0.12011055
pulse,4,plan_anchored,4,25,-180.39833333,83581.32666667,83761.72500000,93.78380763,3.19166667,-0.21537084
pulse,4,plan_anchored,4,100,-419.77333333,83341.95166667,83761.72500000,93.78380763,3.19166667,-0.50115173
pulse,4,service_buffer,0,0,-265.60833333,83496.11666667,83761.72500000,94.58314296,3.19166667,-0.31709988
pulse,4,service_buffer,0,25,-345.40000000,83416.32500000,83761.72500000,94.58314296,3.19166667,-0.41236018
pulse,4,service_buffer,0,100,-584.77500000,83176.95000000,83761.72500000,94.58314296,3.19166667,-0.69814107
pulse,4,service_buffer,2,0,-344.95500000,83416.77000000,83761.72500000,94.54804352,3.19166667,-0.41182891
pulse,4,service_buffer,2,25,-424.74666667,83336.97833333,83761.72500000,94.54804352,3.19166667,-0.50708921
pulse,4,service_buffer,2,100,-664.12166667,83097.60333333,83761.72500000,94.54804352,3.19166667,-0.79287009
pulse,4,service_buffer,4,0,-426.67166667,83335.05333333,83761.72500000,94.56415053,3.19166667,-0.50938739
pulse,4,service_buffer,4,25,-506.46333333,83255.26166667,83761.72500000,94.56415053,3.19166667,-0.60464769
pulse,4,service_buffer,4,100,-745.83833333,83015.88666667,83761.72500000,94.56415053,3.19166667,-0.89042857
pulse,4,trend_response,0,0,-563.03666667,83198.68833333,83761.72500000,93.89424586,3.19166667,-0.67218848
pulse,4,trend_response,0,25,-642.82833333,83118.89666667,83761.72500000,93.89424586,3.19166667,-0.76744878
pulse,4,trend_response,0,100,-882.20333333,82879.52166667,83761.72500000,93.89424586,3.19166667,-1.05322966
pulse,4,trend_response,2,0,-755.43833333,83006.28666667,83761.72500000,93.74127217,3.19166667,-0.90188966
pulse,4,trend_response,2,25,-835.23000000,82926.49500000,83761.72500000,93.74127217,3.19166667,-0.99714995
pulse,4,trend_response,2,100,-1074.60500000,82687.12000000,83761.72500000,93.74127217,3.19166667,-1.28293084
pulse,4,trend_response,4,0,-919.87500000,82841.85000000,83761.72500000,93.58471310,3.19166667,-1.09820446
pulse,4,trend_response,4,25,-999.66666667,82762.05833333,83761.72500000,93.58471310,3.19166667,-1.19346476
pulse,4,trend_response,4,100,-1239.04166667,82522.68333333,83761.72500000,93.58471310,3.19166667,-1.47924564
stationary,1,cash_buffer,0,0,-855.98666667,84839.07666667,85695.06333333,97.01844294,1.85833333,-0.99887512
stationary,1,cash_buffer,0,25,-902.44500000,84792.61833333,85695.06333333,97.01844294,1.85833333,-1.05308867
stationary,1,cash_buffer,0,100,-1041.82000000,84653.24333333,85695.06333333,97.01844294,1.85833333,-1.21572931
stationary,1,cash_buffer,2,0,-854.25166667,84840.81166667,85695.06333333,97.03608097,1.85833333,-0.99685050
stationary,1,cash_buffer,2,25,-900.71000000,84794.35333333,85695.06333333,97.03608097,1.85833333,-1.05106405
stationary,1,cash_buffer,2,100,-1040.08500000,84654.97833333,85695.06333333,97.03608097,1.85833333,-1.21370469
stationary,1,cash_buffer,4,0,-785.03333333,84910.03000000,85695.06333333,97.10155147,1.85833333,-0.91607766
stationary,1,cash_buffer,4,25,-831.49166667,84863.57166667,85695.06333333,97.10155147,1.85833333,-0.97029121
stationary,1,cash_buffer,4,100,-970.86666667,84724.19666667,85695.06333333,97.10155147,1.85833333,-1.13293185
stationary,1,plan_anchored,0,0,19.23000000,85714.29333333,85695.06333333,98.14032033,1.85833333,0.02244003
stationary,1,plan_anchored,0,25,-27.22833333,85667.83500000,85695.06333333,98.14032033,1.85833333,-0.03177351
stationary,1,plan_anchored,0,100,-166.60333333,85528.46000000,85695.06333333,98.14032033,1.85833333,-0.19441416
stationary,1,plan_anchored,2,0,19.14833333,85714.21166667,85695.06333333,98.13630658,1.85833333,0.02234473
stationary,1,plan_anchored,2,25,-27.31000000,85667.75333333,85695.06333333,98.13630658,1.85833333,-0.03186881
stationary,1,plan_anchored,2,100,-166.68500000,85528.37833333,85695.06333333,98.13630658,1.85833333,-0.19450945
stationary,1,plan_anchored,4,0,43.34833333,85738.41166667,85695.06333333,98.15922095,1.85833333,0.05058440
stationary,1,plan_anchored,4,25,-3.11000000,85691.95333333,85695.06333333,98.15922095,1.85833333,-0.00362915
stationary,1,plan_anchored,4,100,-142.48500000,85552.57833333,85695.06333333,98.15922095,1.85833333,-0.16626979
stationary,1,service_buffer,0,0,-40.46166667,85654.60166667,85695.06333333,98.26831674,1.85833333,-0.04721587
stationary,1,service_buffer,0,25,-86.92000000,85608.14333333,85695.06333333,98.26831674,1.85833333,-0.10142941
stationary,1,service_buffer,0,100,-226.29500000,85468.76833333,85695.06333333,98.26831674,1.85833333,-0.26407005
stationary,1,service_buffer,2,0,11.47666667,85706.54000000,85695.06333333,98.28953260,1.85833333,0.01339245
stationary,1,service_buffer,2,25,-34.98166667,85660.08166667,85695.06333333,98.28953260,1.85833333,-0.04082110
stationary,1,service_buffer,2,100,-174.35666667,85520.70666667,85695.06333333,98.28953260,1.85833333,-0.20346174
stationary,1,service_buffer,4,0,59.82500000,85754.88833333,85695.06333333,98.34561353,1.85833333,0.06981149
stationary,1,service_buffer,4,25,13.36666667,85708.43000000,85695.06333333,98.34561353,1.85833333,0.01559794
stationary,1,service_buffer,4,100,-126.00833333,85569.05500000,85695.06333333,98.34561353,1.85833333,-0.14704270
stationary,1,trend_response,0,0,-555.49166667,85139.57166667,85695.06333333,97.56188344,1.85833333,-0.64821898
stationary,1,trend_response,0,25,-601.95000000,85093.11333333,85695.06333333,97.56188344,1.85833333,-0.70243253
stationary,1,trend_response,0,100,-741.32500000,84953.73833333,85695.06333333,97.56188344,1.85833333,-0.86507317
stationary,1,trend_response,2,0,-556.24333333,85138.82000000,85695.06333333,97.58035730,1.85833333,-0.64909612
stationary,1,trend_response,2,25,-602.70166667,85092.36166667,85695.06333333,97.58035730,1.85833333,-0.70330967
stationary,1,trend_response,2,100,-742.07666667,84952.98666667,85695.06333333,97.58035730,1.85833333,-0.86595031
stationary,1,trend_response,4,0,-543.47500000,85151.58833333,85695.06333333,97.56677456,1.85833333,-0.63419639
stationary,1,trend_response,4,25,-589.93333333,85105.13000000,85695.06333333,97.56677456,1.85833333,-0.68840994
stationary,1,trend_response,4,100,-729.30833333,84965.75500000,85695.06333333,97.56677456,1.85833333,-0.85105058
stationary,4,cash_buffer,0,0,-560.34000000,80303.19666667,80863.53666667,96.84072086,1.85833333,-0.69294521
stationary,4,cash_buffer,0,25,-606.79833333,80256.73833333,80863.53666667,96.84072086,1.85833333,-0.75039796
stationary,4,cash_buffer,0,100,-746.17333333,80117.36333333,80863.53666667,96.84072086,1.85833333,-0.92275624
stationary,4,cash_buffer,2,0,-637.65333333,80225.88333333,80863.53666667,96.79272732,1.85833333,-0.78855484
stationary,4,cash_buffer,2,25,-684.11166667,80179.42500000,80863.53666667,96.79272732,1.85833333,-0.84600760
stationary,4,cash_buffer,2,100,-823.48666667,80040.05000000,80863.53666667,96.79272732,1.85833333,-1.01836588
stationary,4,cash_buffer,4,0,-469.86666667,80393.67000000,80863.53666667,96.93362884,1.85833333,-0.58106124
stationary,4,cash_buffer,4,25,-516.32500000,80347.21166667,80863.53666667,96.93362884,1.85833333,-0.63851400
stationary,4,cash_buffer,4,100,-655.70000000,80207.83666667,80863.53666667,96.93362884,1.85833333,-0.81087228
stationary,4,plan_anchored,0,0,-0.86166667,80862.67500000,80863.53666667,97.69195881,1.85833333,-0.00106558
stationary,4,plan_anchored,0,25,-47.32000000,80816.21666667,80863.53666667,97.69195881,1.85833333,-0.05851834
stationary,4,plan_anchored,0,100,-186.69500000,80676.84166667,80863.53666667,97.69195881,1.85833333,-0.23087662
stationary,4,plan_anchored,2,0,20.67166667,80884.20833333,80863.53666667,97.70598070,1.85833333,0.02556364
stationary,4,plan_anchored,2,25,-25.78666667,80837.75000000,80863.53666667,97.70598070,1.85833333,-0.03188912
stationary,4,plan_anchored,2,100,-165.16166667,80698.37500000,80863.53666667,97.70598070,1.85833333,-0.20424739
stationary,4,plan_anchored,4,0,124.05500000,80987.59166667,80863.53666667,97.80247145,1.85833333,0.15341278
stationary,4,plan_anchored,4,25,77.59666667,80941.13333333,80863.53666667,97.80247145,1.85833333,0.09596002
stationary,4,plan_anchored,4,100,-61.77833333,80801.75833333,80863.53666667,97.80247145,1.85833333,-0.07639826
stationary,4,service_buffer,0,0,-117.39500000,80746.14166667,80863.53666667,97.84575945,1.85833333,-0.14517668
stationary,4,service_buffer,0,25,-163.85333333,80699.68333333,80863.53666667,97.84575945,1.85833333,-0.20262944
stationary,4,service_buffer,0,100,-303.22833333,80560.30833333,80863.53666667,97.84575945,1.85833333,-0.37498772
stationary,4,service_buffer,2,0,10.09666667,80873.63333333,80863.53666667,97.91685366,1.85833333,0.01248606
stationary,4,service_buffer,2,25,-36.36166667,80827.17500000,80863.53666667,97.91685366,1.85833333,-0.04496670
stationary,4,service_buffer,2,100,-175.73666667,80687.80000000,80863.53666667,97.91685366,1.85833333,-0.21732498
stationary,4,service_buffer,4,0,54.78000000,80918.31666667,80863.53666667,97.96372291,1.85833333,0.06774376
stationary,4,service_buffer,4,25,8.32166667,80871.85833333,80863.53666667,97.96372291,1.85833333,0.01029100
stationary,4,service_buffer,4,100,-131.05333333,80732.48333333,80863.53666667,97.96372291,1.85833333,-0.16206728
stationary,4,trend_response,0,0,-1117.18500000,79746.35166667,80863.53666667,96.68223669,1.85833333,-1.38156831
stationary,4,trend_response,0,25,-1163.64333333,79699.89333333,80863.53666667,96.68223669,1.85833333,-1.43902107
stationary,4,trend_response,0,100,-1303.01833333,79560.51833333,80863.53666667,96.68223669,1.85833333,-1.61137935
stationary,4,trend_response,2,0,-1175.88833333,79687.64833333,80863.53666667,96.67101912,1.85833333,-1.45416387
stationary,4,trend_response,2,25,-1222.34666667,79641.19000000,80863.53666667,96.67101912,1.85833333,-1.51161663
stationary,4,trend_response,2,100,-1361.72166667,79501.81500000,80863.53666667,96.67101912,1.85833333,-1.68397491
stationary,4,trend_response,4,0,-962.53666667,79901.00000000,80863.53666667,96.79164908,1.85833333,-1.19032225
stationary,4,trend_response,4,25,-1008.99500000,79854.54166667,80863.53666667,96.79164908,1.85833333,-1.24777501
stationary,4,trend_response,4,100,-1148.37000000,79715.16666667,80863.53666667,96.79164908,1.85833333,-1.42013329
upshift,1,cash_buffer,0,0,-2650.65333333,109397.40333333,112048.05666667,93.99878463,2.51666667,-2.36563972
upshift,1,cash_buffer,0,25,-2713.57000000,109334.48666667,112048.05666667,93.99878463,2.51666667,-2.42179122
upshift,1,cash_buffer,0,100,-2902.32000000,109145.73666667,112048.05666667,93.99878463,2.51666667,-2.59024573
upshift,1,cash_buffer,2,0,-3143.44500000,108904.61166667,112048.05666667,93.59470979,2.51666667,-2.80544357
upshift,1,cash_buffer,2,25,-3206.36166667,108841.69500000,112048.05666667,93.59470979,2.51666667,-2.86159507
upshift,1,cash_buffer,2,100,-3395.11166667,108652.94500000,112048.05666667,93.59470979,2.51666667,-3.03004958
upshift,1,cash_buffer,4,0,-3360.50500000,108687.55166667,112048.05666667,93.37995883,2.51666667,-2.99916402
upshift,1,cash_buffer,4,25,-3423.42166667,108624.63500000,112048.05666667,93.37995883,2.51666667,-3.05531552
upshift,1,cash_buffer,4,100,-3612.17166667,108435.88500000,112048.05666667,93.37995883,2.51666667,-3.22377003
upshift,1,plan_anchored,0,0,-2522.00500000,109526.05166667,112048.05666667,94.09960190,2.51666667,-2.25082440
upshift,1,plan_anchored,0,25,-2584.92166667,109463.13500000,112048.05666667,94.09960190,2.51666667,-2.30697590
upshift,1,plan_anchored,0,100,-2773.67166667,109274.38500000,112048.05666667,94.09960190,2.51666667,-2.47543041
upshift,1,plan_anchored,2,0,-2929.98166667,109118.07500000,112048.05666667,93.77738424,2.51666667,-2.61493305
upshift,1,plan_anchored,2,25,-2992.89833333,109055.15833333,112048.05666667,93.77738424,2.51666667,-2.67108455
upshift,1,plan_anchored,2,100,-3181.64833333,108866.40833333,112048.05666667,93.77738424,2.51666667,-2.83953906
upshift,1,plan_anchored,4,0,-3039.56166667,109008.49500000,112048.05666667,93.64926639,2.51666667,-2.71273037
upshift,1,plan_anchored,4,25,-3102.47833333,108945.57833333,112048.05666667,93.64926639,2.51666667,-2.76888188
upshift,1,plan_anchored,4,100,-3291.22833333,108756.82833333,112048.05666667,93.64926639,2.51666667,-2.93733638
upshift,1,service_buffer,0,0,268.89833333,112316.95500000,112048.05666667,96.77639131,2.51666667,0.23998483
upshift,1,service_buffer,0,25,205.98166667,112254.03833333,112048.05666667,96.77639131,2.51666667,0.18383332
upshift,1,service_buffer,0,100,17.23166667,112065.28833333,112048.05666667,96.77639131,2.51666667,0.01537882
upshift,1,service_buffer,2,0,191.77333333,112239.83000000,112048.05666667,96.66419620,2.51666667,0.17115275
upshift,1,service_buffer,2,25,128.85666667,112176.91333333,112048.05666667,96.66419620,2.51666667,0.11500125
upshift,1,service_buffer,2,100,-59.89333333,111988.16333333,112048.05666667,96.66419620,2.51666667,-0.05345325
upshift,1,service_buffer,4,0,63.81500000,112111.87166667,112048.05666667,96.54574201,2.51666667,0.05695324
upshift,1,service_buffer,4,25,0.89833333,112048.95500000,112048.05666667,96.54574201,2.51666667,0.00080174
upshift,1,service_buffer,4,100,-187.85166667,111860.20500000,112048.05666667,96.54574201,2.51666667,-0.16765277
upshift,1,trend_response,0,0,-264.32000000,111783.73666667,112048.05666667,96.25119755,2.51666667,-0.23589878
upshift,1,trend_response,0,25,-327.23666667,111720.82000000,112048.05666667,96.25119755,2.51666667,-0.29205028
upshift,1,trend_response,0,100,-515.98666667,111532.07000000,112048.05666667,96.25119755,2.51666667,-0.46050479
upshift,1,trend_response,2,0,-467.75666667,111580.30000000,112048.05666667,96.08864137,2.51666667,-0.41746076
upshift,1,trend_response,2,25,-530.67333333,111517.38333333,112048.05666667,96.08864137,2.51666667,-0.47361226
upshift,1,trend_response,2,100,-719.42333333,111328.63333333,112048.05666667,96.08864137,2.51666667,-0.64206677
upshift,1,trend_response,4,0,-692.51166667,111355.54500000,112048.05666667,95.86075101,2.51666667,-0.61804880
upshift,1,trend_response,4,25,-755.42833333,111292.62833333,112048.05666667,95.86075101,2.51666667,-0.67420030
upshift,1,trend_response,4,100,-944.17833333,111103.87833333,112048.05666667,95.86075101,2.51666667,-0.84265480
upshift,4,cash_buffer,0,0,-2525.61000000,101401.33166667,103926.94166667,92.40405569,2.51666667,-2.43017832
upshift,4,cash_buffer,0,25,-2588.52666667,101338.41500000,103926.94166667,92.40405569,2.51666667,-2.49071764
upshift,4,cash_buffer,0,100,-2777.27666667,101149.66500000,103926.94166667,92.40405569,2.51666667,-2.67233561
upshift,4,cash_buffer,2,0,-3156.81166667,100770.13000000,103926.94166667,91.92284880,2.51666667,-3.03752965
upshift,4,cash_buffer,2,25,-3219.72833333,100707.21333333,103926.94166667,91.92284880,2.51666667,-3.09806897
upshift,4,cash_buffer,2,100,-3408.47833333,100518.46333333,103926.94166667,91.92284880,2.51666667,-3.27968694
upshift,4,cash_buffer,4,0,-3337.67166667,100589.27000000,103926.94166667,91.68983457,2.51666667,-3.21155575
upshift,4,cash_buffer,4,25,-3400.58833333,100526.35333333,103926.94166667,91.68983457,2.51666667,-3.27209507
upshift,4,cash_buffer,4,100,-3589.33833333,100337.60333333,103926.94166667,91.68983457,2.51666667,-3.45371304
upshift,4,plan_anchored,0,0,-3559.25333333,100367.68833333,103926.94166667,91.53570167,2.51666667,-3.42476482
upshift,4,plan_anchored,0,25,-3622.17000000,100304.77166667,103926.94166667,91.53570167,2.51666667,-3.48530414
upshift,4,plan_anchored,0,100,-3810.92000000,100116.02166667,103926.94166667,91.53570167,2.51666667,-3.66692211
upshift,4,plan_anchored,2,0,-4013.00666667,99913.93500000,103926.94166667,91.25698614,2.51666667,-3.86137281
upshift,4,plan_anchored,2,25,-4075.92333333,99851.01833333,103926.94166667,91.25698614,2.51666667,-3.92191213
upshift,4,plan_anchored,2,100,-4264.67333333,99662.26833333,103926.94166667,91.25698614,2.51666667,-4.10353010
upshift,4,plan_anchored,4,0,-3872.06166667,100054.88000000,103926.94166667,91.19098794,2.51666667,-3.72575350
upshift,4,plan_anchored,4,25,-3934.97833333,99991.96333333,103926.94166667,91.19098794,2.51666667,-3.78629282
upshift,4,plan_anchored,4,100,-4123.72833333,99803.21333333,103926.94166667,91.19098794,2.51666667,-3.96791079
upshift,4,service_buffer,0,0,12.67000000,103939.61166667,103926.94166667,94.95876656,2.51666667,0.01219126
upshift,4,service_buffer,0,25,-50.24666667,103876.69500000,103926.94166667,94.95876656,2.51666667,-0.04834807
upshift,4,service_buffer,0,100,-238.99666667,103687.94500000,103926.94166667,94.95876656,2.51666667,-0.22996603
upshift,4,service_buffer,2,0,40.29333333,103967.23500000,103926.94166667,94.87729066,2.51666667,0.03877083
upshift,4,service_buffer,2,25,-22.62333333,103904.31833333,103926.94166667,94.87729066,2.51666667,-0.02176850
upshift,4,service_buffer,2,100,-211.37333333,103715.56833333,103926.94166667,94.87729066,2.51666667,-0.20338647
upshift,4,service_buffer,4,0,-209.26833333,103717.67333333,103926.94166667,94.64561280,2.51666667,-0.20136100
upshift,4,service_buffer,4,25,-272.18500000,103654.75666667,103926.94166667,94.64561280,2.51666667,-0.26190033
upshift,4,service_buffer,4,100,-460.93500000,103466.00666667,103926.94166667,94.64561280,2.51666667,-0.44351830
upshift,4,trend_response,0,0,-1032.47833333,102894.46333333,103926.94166667,94.15888293,2.51666667,-0.99346552
upshift,4,trend_response,0,25,-1095.39500000,102831.54666667,103926.94166667,94.15888293,2.51666667,-1.05400484
upshift,4,trend_response,0,100,-1284.14500000,102642.79666667,103926.94166667,94.15888293,2.51666667,-1.23562281
upshift,4,trend_response,2,0,-1001.35166667,102925.59000000,103926.94166667,94.18928759,2.51666667,-0.96351499
upshift,4,trend_response,2,25,-1064.26833333,102862.67333333,103926.94166667,94.18928759,2.51666667,-1.02405432
upshift,4,trend_response,2,100,-1253.01833333,102673.92333333,103926.94166667,94.18928759,2.51666667,-1.20567229
upshift,4,trend_response,4,0,-1186.40833333,102740.53333333,103926.94166667,93.91005494,2.51666667,-1.14157918
upshift,4,trend_response,4,25,-1249.32500000,102677.61666667,103926.94166667,93.91005494,2.51666667,-1.20211851
upshift,4,trend_response,4,100,-1438.07500000,102488.86666667,103926.94166667,93.91005494,2.51666667,-1.38373648
